timestamp,open,high,low,close,volume
2021-04-09 19:05:00,76.5400,76.5400,76.5400,76.5400,100
2021-04-09 16:05:00,76.5600,76.5600,76.3577,76.3577,148628
2021-04-09 16:00:00,76.5000,76.6500,76.4500,76.5500,123559
2021-04-09 15:55:00,76.3600,76.5400,76.3100,76.5000,61282
2021-04-09 15:50:00,76.3900,76.4100,76.3501,76.3600,49363
2021-04-09 15:45:00,76.4600,76.4750,76.3800,76.3950,30702
2021-04-09 15:40:00,76.3500,76.5000,76.3350,76.4500,24863
2021-04-09 15:35:00,76.4300,76.4700,76.3400,76.3600,22077
2021-04-09 15:30:00,76.4000,76.4450,76.3800,76.4200,16865
2021-04-09 15:25:00,76.3200,76.4100,76.2771,76.3800,13262
2021-04-09 15:20:00,76.2500,76.3300,76.2500,76.3300,12278
2021-04-09 15:15:00,76.3300,76.3300,76.2400,76.2450,15542
2021-04-09 15:10:00,76.2600,76.3700,76.2600,76.3400,21302
2021-04-09 15:05:00,76.2100,76.2700,76.2000,76.2600,9974
2021-04-09 15:00:00,76.1600,76.2144,76.1350,76.1900,14375
2021-04-09 14:55:00,76.1900,76.2000,76.1200,76.1400,8264
2021-04-09 14:50:00,76.1150,76.2200,76.1050,76.1800,10894
2021-04-09 14:45:00,76.1900,76.2000,76.1100,76.1300,8808
2021-04-09 14:40:00,76.1814,76.2200,76.1600,76.1950,8508
2021-04-09 14:35:00,76.1600,76.2100,76.1400,76.1975,9909
2021-04-09 14:30:00,76.1700,76.1876,76.1301,76.1500,8672
2021-04-09 14:25:00,76.0800,76.1700,76.0800,76.1500,7036
2021-04-09 14:20:00,76.0700,76.1100,76.0600,76.0700,8790
2021-04-09 14:15:00,76.0500,76.0736,76.0300,76.0736,11031
2021-04-09 14:10:00,76.0700,76.0700,76.0300,76.0300,6651
2021-04-09 14:05:00,76.1150,76.1150,76.0266,76.0550,6822
2021-04-09 14:00:00,76.0900,76.1400,76.0900,76.1250,10072
2021-04-09 13:55:00,76.1084,76.1200,76.0300,76.0900,32131
2021-04-09 13:50:00,76.1100,76.1600,76.1050,76.1200,10068
2021-04-09 13:45:00,76.0900,76.1400,76.0700,76.0900,7441
2021-04-09 13:40:00,76.0400,76.1100,76.0400,76.0935,7173
2021-04-09 13:35:00,76.0200,76.0700,76.0050,76.0300,4824
2021-04-09 13:30:00,76.0800,76.1000,76.0100,76.0100,3711
2021-04-09 13:25:00,76.0515,76.0900,76.0150,76.0900,5361
2021-04-09 13:20:00,76.0100,76.0550,75.9700,76.0300,6168
2021-04-09 13:15:00,76.0800,76.0950,75.9800,75.9900,7580
2021-04-09 13:10:00,76.0500,76.1175,76.0400,76.0800,5371
2021-04-09 13:05:00,76.0800,76.1200,76.0400,76.0400,12019
2021-04-09 13:00:00,76.0600,76.0800,76.0200,76.0700,10524
2021-04-09 12:55:00,76.1600,76.1600,76.0500,76.0600,6446
2021-04-09 12:50:00,76.1700,76.1800,76.1100,76.1400,7404
2021-04-09 12:45:00,76.1700,76.2008,76.1600,76.1600,4207
2021-04-09 12:40:00,76.2000,76.2200,76.1700,76.1900,6129
2021-04-09 12:35:00,76.1800,76.2500,76.1750,76.1850,7027
2021-04-09 12:30:00,76.1300,76.2100,76.1300,76.1681,7862
2021-04-09 12:25:00,76.1800,76.1800,76.1150,76.1150,6958
2021-04-09 12:20:00,76.1300,76.1900,76.1200,76.1900,7334
2021-04-09 12:15:00,76.1500,76.2100,76.1400,76.1600,4261
2021-04-09 12:10:00,76.1900,76.2500,76.1564,76.1750,6338
2021-04-09 12:05:00,76.1650,76.2800,76.1100,76.1682,20415
2021-04-09 12:00:00,76.1450,76.1900,76.1400,76.1800,8966
2021-04-09 11:55:00,76.1200,76.1650,76.1200,76.1200,5336
2021-04-09 11:50:00,76.0950,76.1900,76.0950,76.1600,11804
2021-04-09 11:45:00,76.0900,76.1100,76.0600,76.0900,10361
2021-04-09 11:40:00,76.0600,76.1500,76.0600,76.1200,9099
2021-04-09 11:35:00,76.2300,76.2700,76.0600,76.0700,7909
2021-04-09 11:30:00,76.2300,76.2500,76.1900,76.2300,6360
2021-04-09 11:25:00,76.2900,76.3300,76.2205,76.2286,9444
2021-04-09 11:20:00,76.3200,76.3700,76.2750,76.3100,13155
2021-04-09 11:15:00,76.3400,76.4700,76.3000,76.3100,13329
2021-04-09 11:10:00,76.2800,76.4100,76.2650,76.3400,6023
2021-04-09 11:05:00,76.2050,76.3000,76.2000,76.2700,9047
2021-04-09 11:00:00,76.2100,76.2500,76.1700,76.2000,16276
2021-04-09 10:55:00,76.3000,76.3500,76.1134,76.1850,9920
2021-04-09 10:50:00,76.1900,76.3100,76.1600,76.2800,14508
2021-04-09 10:45:00,76.2100,76.2400,76.1250,76.1900,10439
2021-04-09 10:40:00,76.2100,76.2500,76.1500,76.1900,11959
2021-04-09 10:35:00,76.2700,76.3200,76.2144,76.2300,12308
2021-04-09 10:30:00,76.1100,76.2900,76.1100,76.2800,8133
2021-04-09 10:25:00,76.0600,76.2500,76.0600,76.1800,6665
2021-04-09 10:20:00,76.2400,76.2400,76.0150,76.1000,19498
2021-04-09 10:15:00,76.2850,76.3100,76.2050,76.2500,8579
2021-04-09 10:10:00,76.3700,76.4200,76.2300,76.2900,11514
2021-04-09 10:05:00,76.3400,76.4100,76.2700,76.4100,11593
2021-04-09 10:00:00,76.2800,76.5400,76.2000,76.3509,19828
2021-04-09 09:55:00,76.4600,76.4650,76.2650,76.2919,9104
2021-04-09 09:50:00,76.6600,76.6750,76.4400,76.4900,9922
2021-04-09 09:45:00,76.9000,76.9200,76.6300,76.6600,14579
2021-04-09 09:40:00,76.7700,76.8900,76.6300,76.8800,23765
2021-04-09 09:35:00,76.5400,76.8796,76.5200,76.8050,66692
2021-04-08 16:10:00,76.3300,76.3300,76.3300,76.3300,6381
2021-04-08 16:05:00,76.3300,76.3300,76.3300,76.3300,63297
2021-04-08 16:00:00,76.3200,76.3700,76.2700,76.3400,130825
2021-04-08 15:55:00,76.1600,76.3100,76.1400,76.3050,61458
2021-04-08 15:50:00,76.0900,76.1500,76.0600,76.1500,28856
2021-04-08 15:45:00,76.0700,76.1050,76.0475,76.0800,21833
2021-04-08 15:40:00,76.1900,76.1900,76.0300,76.0650,28587
2021-04-08 15:35:00,76.1500,76.1900,76.1400,76.1850,15867
2021-04-08 15:30:00,76.1600,76.1950,76.1400,76.1500,15961
2021-04-08 15:25:00,76.1766,76.1798,76.1400,76.1700,9497
2021-04-08 15:20:00,76.1600,76.1700,76.1300,76.1700,13443
2021-04-08 15:15:00,76.1200,76.1700,76.1200,76.1550,16580
2021-04-08 15:10:00,76.1500,76.1600,76.0850,76.1200,11387
2021-04-08 15:05:00,76.1200,76.1800,76.1100,76.1450,10173
2021-04-08 15:00:00,76.0600,76.2000,76.0500,76.1100,14743
2021-04-08 14:55:00,76.0000,76.0650,75.9900,76.0650,9127
2021-04-08 14:50:00,76.0400,76.0450,76.0100,76.0100,5484
2021-04-08 14:45:00,76.0400,76.0700,75.9900,76.0200,12760
2021-04-08 14:40:00,76.0600,76.1200,76.0500,76.0600,8151
2021-04-08 14:35:00,75.9700,76.0600,75.9538,76.0600,11100
2021-04-08 14:30:00,75.9800,76.0100,75.9600,75.9700,6731
2021-04-08 14:25:00,76.0600,76.0700,75.9600,75.9750,5664
2021-04-08 14:20:00,76.0100,76.0500,76.0000,76.0300,6685
2021-04-08 14:15:00,76.0300,76.0690,76.0200,76.0400,5342
2021-04-08 14:10:00,76.0600,76.0900,76.0500,76.0600,7596
2021-04-08 14:05:00,76.0441,76.0800,76.0441,76.0700,4854
2021-04-08 14:00:00,76.0700,76.0820,76.0000,76.0500,7657
2021-04-08 13:55:00,76.0900,76.1000,76.0300,76.0600,9407
2021-04-08 13:50:00,76.0700,76.0900,76.0155,76.0850,11212
2021-04-08 13:45:00,75.9700,76.0550,75.9200,76.0500,9194
2021-04-08 13:40:00,76.0000,76.0500,75.9550,75.9550,6889
2021-04-08 13:35:00,76.0200,76.0300,75.9800,76.0044,9274
2021-04-08 13:30:00,75.9500,76.0400,75.9500,76.0050,9204
2021-04-08 13:25:00,75.8600,75.9700,75.8501,75.9483,5796
2021-04-08 13:20:00,75.8900,75.9050,75.8500,75.8600,4733
2021-04-08 13:15:00,75.8700,75.8890,75.8400,75.8700,6791
2021-04-08 13:10:00,75.8450,75.8800,75.8100,75.8500,5511
2021-04-08 13:05:00,75.8000,75.8800,75.8000,75.8350,7740
2021-04-08 13:00:00,75.8200,75.8200,75.7600,75.8000,4890
2021-04-08 12:55:00,75.8800,75.9300,75.8200,75.8200,5232
2021-04-08 12:50:00,75.8800,75.8800,75.8200,75.8799,5829
2021-04-08 12:45:00,75.9600,75.9650,75.8300,75.8726,6418
2021-04-08 12:40:00,75.9400,75.9900,75.9000,75.9550,6120
2021-04-08 12:35:00,75.9100,75.9550,75.9000,75.9400,9321
2021-04-08 12:30:00,75.9700,75.9900,75.8850,75.9300,14389
2021-04-08 12:25:00,75.9700,75.9803,75.9500,75.9600,7790
2021-04-08 12:20:00,75.9500,75.9700,75.9150,75.9500,19308
2021-04-08 12:15:00,75.9400,75.9700,75.9100,75.9400,7914
2021-04-08 12:10:00,75.8758,75.9400,75.8500,75.9100,9093
2021-04-08 12:05:00,75.8900,75.8900,75.7800,75.8600,5277
2021-04-08 12:00:00,75.8800,75.9100,75.8400,75.8600,8835
2021-04-08 11:55:00,75.6700,75.8800,75.6700,75.8600,6821
2021-04-08 11:50:00,75.9350,75.9500,75.7300,75.7300,14669
2021-04-08 11:45:00,76.0000,76.0600,75.9200,75.9200,9613
2021-04-08 11:40:00,75.9800,76.0300,75.9684,76.0000,12344
2021-04-08 11:35:00,75.9500,76.0100,75.9500,76.0100,11381
2021-04-08 11:30:00,75.9100,75.9900,75.9000,75.9300,8687
2021-04-08 11:25:00,76.0000,76.0300,75.8700,75.9090,8988
2021-04-08 11:20:00,75.9800,76.0400,75.9000,75.9850,9551
2021-04-08 11:15:00,75.8700,76.0402,75.8500,75.9631,14048
2021-04-08 11:10:00,75.8863,75.9269,75.8500,75.8500,7059
2021-04-08 11:05:00,75.7300,75.8950,75.7300,75.8950,13363
2021-04-08 11:00:00,75.8797,75.9200,75.7300,75.7700,8405
2021-04-08 10:55:00,75.8500,75.9000,75.7700,75.8700,16115
2021-04-08 10:50:00,75.6800,75.8500,75.6500,75.8500,15615
2021-04-08 10:45:00,75.6800,75.7000,75.6300,75.6600,6641
2021-04-08 10:40:00,75.7500,75.7900,75.6777,75.6777,12899
2021-04-08 10:35:00,75.5600,75.7200,75.5250,75.7101,11344
2021-04-08 10:30:00,75.5350,75.6600,75.5000,75.6000,7265
2021-04-08 10:25:00,75.6600,75.7100,75.5175,75.5400,14560
2021-04-08 10:20:00,75.4600,75.6600,75.4500,75.6450,9490
2021-04-08 10:15:00,75.3800,75.5000,75.3700,75.4900,6549
2021-04-08 10:10:00,75.3650,75.4000,75.2500,75.3400,12803
2021-04-08 10:05:00,75.1350,75.4600,75.1350,75.3400,22411
2021-04-08 10:00:00,75.1250,75.2200,75.0750,75.1350,7268
2021-04-08 09:55:00,75.1600,75.2200,75.0800,75.1450,7101
2021-04-08 09:50:00,75.0250,75.2400,75.0250,75.2300,6339
2021-04-08 09:45:00,75.0900,75.1400,74.8700,75.1000,10108
2021-04-08 09:40:00,75.0200,75.0600,74.8700,75.0500,12222
2021-04-08 09:35:00,75.3100,75.4050,75.0100,75.0500,50954
2021-04-08 08:15:00,75.5000,75.5000,75.5000,75.5000,298
2021-04-08 04:45:00,75.5000,75.5000,75.5000,75.5000,100
2021-04-07 20:00:00,75.7200,75.7200,75.7200,75.7200,300
2021-04-07 17:05:00,75.7200,75.7200,75.7200,75.7200,14767
2021-04-07 16:20:00,75.7200,75.7200,75.7200,75.7200,8310
2021-04-07 16:05:00,75.7200,75.7200,75.7200,75.7200,47290
2021-04-07 16:00:00,75.7200,75.7400,75.6900,75.7300,87984
2021-04-07 15:55:00,75.6900,75.7300,75.6400,75.7150,61951
2021-04-07 15:50:00,75.7900,75.8500,75.6100,75.6900,56731
2021-04-07 15:45:00,75.6000,75.8100,75.5750,75.8100,47407
2021-04-07 15:40:00,75.6600,75.6700,75.5700,75.5900,32168
2021-04-07 15:35:00,75.6100,75.6800,75.5900,75.6400,14301
2021-04-07 15:30:00,75.6100,75.6500,75.6000,75.6100,12819
2021-04-07 15:25:00,75.7100,75.7300,75.6200,75.6200,8935
2021-04-07 15:20:00,75.7600,75.7700,75.6700,75.7197,13232
2021-04-07 15:15:00,75.7700,75.8200,75.7400,75.7450,8086
2021-04-07 15:10:00,75.7700,75.8100,75.7400,75.7700,14169
2021-04-07 15:05:00,75.7500,75.8300,75.7300,75.7850,29648
2021-04-07 15:00:00,75.6800,75.7500,75.6700,75.7400,8628
2021-04-07 14:55:00,75.7200,75.7550,75.6400,75.6400,10999
2021-04-07 14:50:00,75.6100,75.7000,75.6000,75.7000,9177
2021-04-07 14:45:00,75.6400,75.6650,75.5900,75.5900,21361
2021-04-07 14:40:00,75.6600,75.6800,75.5900,75.6250,6731
2021-04-07 14:35:00,75.6000,75.6500,75.5900,75.6300,7292
2021-04-07 14:30:00,75.6400,75.6700,75.5700,75.6100,5638
2021-04-07 14:25:00,75.6500,75.6851,75.6150,75.6600,12589
2021-04-07 14:20:00,75.6800,75.6973,75.6250,75.6550,8089
2021-04-07 14:15:00,75.7000,75.7101,75.6200,75.6932,10221
2021-04-07 14:10:00,75.7700,75.7800,75.6800,75.6800,10129
2021-04-07 14:05:00,75.6800,75.8100,75.6800,75.8100,5448
2021-04-07 14:00:00,75.6150,75.6600,75.5785,75.6600,12776
2021-04-07 13:55:00,75.5550,75.6450,75.5400,75.6150,14283
2021-04-07 13:50:00,75.6300,75.6700,75.5500,75.5600,16557
2021-04-07 13:45:00,75.5700,75.6400,75.5300,75.6200,7254
2021-04-07 13:40:00,75.6200,75.6550,75.5800,75.6000,17096
2021-04-07 13:35:00,75.8050,75.8050,75.6200,75.6200,16294
2021-04-07 13:30:00,75.7600,75.8550,75.7300,75.8060,23102
2021-04-07 13:25:00,75.7901,75.8600,75.7550,75.7550,23698
2021-04-07 13:20:00,75.9100,75.9600,75.8000,75.8200,38932
2021-04-07 13:15:00,75.6850,75.9100,75.6800,75.9100,10193
2021-04-07 13:10:00,75.7400,75.7600,75.6800,75.6900,8366
2021-04-07 13:05:00,75.8000,75.8700,75.7056,75.7204,13931
2021-04-07 13:00:00,75.7800,75.8399,75.7300,75.8200,6264
2021-04-07 12:55:00,75.8600,75.9000,75.7500,75.7500,10451
2021-04-07 12:50:00,75.8300,75.8900,75.8300,75.8700,35792
2021-04-07 12:45:00,75.8600,75.9400,75.8200,75.8200,28343
2021-04-07 12:40:00,75.8500,75.8700,75.7700,75.8600,9425
2021-04-07 12:35:00,75.9500,75.9500,75.8100,75.8300,8927
2021-04-07 12:30:00,75.9300,75.9800,75.9100,75.9300,7570
2021-04-07 12:25:00,75.9050,75.9590,75.8600,75.9000,9516
2021-04-07 12:20:00,75.9300,75.9450,75.8800,75.8950,10426
2021-04-07 12:15:00,75.9400,75.9450,75.8800,75.9300,7634
2021-04-07 12:10:00,75.9700,75.9700,75.9000,75.9100,7531
2021-04-07 12:05:00,75.9150,75.9750,75.8700,75.9750,8702
2021-04-07 12:00:00,75.8400,75.9200,75.8100,75.9200,7521
2021-04-07 11:55:00,75.8900,75.8950,75.7662,75.8400,12853
2021-04-07 11:50:00,75.9000,75.9200,75.8500,75.9200,5963
2021-04-07 11:45:00,75.9700,75.9750,75.8700,75.9000,10731
2021-04-07 11:40:00,75.9191,76.0000,75.8700,75.9900,11524
2021-04-07 11:35:00,75.8800,75.8900,75.7700,75.8900,10001
2021-04-07 11:30:00,75.8550,75.9100,75.8000,75.8850,13817
2021-04-07 11:25:00,75.7700,75.8500,75.7500,75.8300,9959
2021-04-07 11:20:00,75.8600,75.8900,75.7100,75.7577,13521
2021-04-07 11:15:00,75.7800,75.8700,75.7620,75.8500,8407
2021-04-07 11:10:00,75.7300,75.8000,75.6400,75.7350,11266
2021-04-07 11:05:00,75.8650,75.8650,75.2900,75.6800,165391
2021-04-07 11:00:00,76.1100,76.1100,75.7800,75.8700,18657
2021-04-07 10:55:00,75.9800,76.1250,75.9600,76.1150,7254
2021-04-07 10:50:00,75.9900,76.0200,75.9000,75.9450,15247
2021-04-07 10:45:00,76.0300,76.1200,76.0000,76.0200,12150
2021-04-07 10:40:00,76.0750,76.0865,75.9700,76.0000,13879
2021-04-07 10:35:00,76.0100,76.1100,76.0100,76.0800,8800
2021-04-07 10:30:00,76.0150,76.0400,75.9600,76.0100,7943
2021-04-07 10:25:00,75.9850,76.1200,75.9850,76.0150,15369
2021-04-07 10:20:00,76.0600,76.0700,75.9700,75.9850,5874
2021-04-07 10:15:00,76.1800,76.2000,75.9900,76.0850,10754
2021-04-07 10:10:00,76.2300,76.2650,76.1100,76.2000,8783
2021-04-07 10:05:00,76.0900,76.3200,76.0700,76.2350,30893
2021-04-07 10:00:00,76.1748,76.2000,76.0501,76.0900,13233
2021-04-07 09:55:00,76.1000,76.1900,76.0150,76.1450,13968
2021-04-07 09:50:00,76.2000,76.3000,76.0800,76.0950,9901
2021-04-07 09:45:00,76.7254,76.7254,76.2900,76.2900,8690
2021-04-07 09:40:00,76.3585,76.7200,76.2900,76.6800,26623
2021-04-07 09:35:00,76.1700,76.5900,76.1700,76.3200,60799
2021-04-07 09:30:00,76.0100,76.0600,76.0100,76.0600,847
2021-04-07 09:25:00,75.6400,75.6800,75.4900,75.6800,808
2021-04-06 16:50:00,75.8900,75.8900,75.8900,75.8900,6515
2021-04-06 16:10:00,75.8900,75.8900,75.8900,75.8900,7352
2021-04-06 16:05:00,75.8900,75.8900,75.8900,75.8900,31525
2021-04-06 16:00:00,75.7000,75.9100,75.6900,75.8900,167258
2021-04-06 15:55:00,75.7000,75.7500,75.6200,75.6950,51844
2021-04-06 15:50:00,75.6550,75.7150,75.6500,75.7150,25200
2021-04-06 15:45:00,75.5900,75.6800,75.5800,75.6500,19714
2021-04-06 15:40:00,75.6000,75.6400,75.5500,75.5800,23474
2021-04-06 15:35:00,75.7100,75.7100,75.5700,75.6000,18987
2021-04-06 15:30:00,75.6100,75.7000,75.6000,75.6950,14576
2021-04-06 15:25:00,75.6400,75.6874,75.6169,75.6169,11736
2021-04-06 15:20:00,75.6800,75.6800,75.6100,75.6350,16465
2021-04-06 15:15:00,75.7100,75.7200,75.6200,75.6900,17027
2021-04-06 15:10:00,75.7650,75.7800,75.6950,75.7200,13383
2021-04-06 15:05:00,75.7800,75.8250,75.7300,75.7600,11800
2021-04-06 15:00:00,75.8600,76.0100,75.7650,75.7800,48328
2021-04-06 14:55:00,75.9298,75.9300,75.8100,75.8500,11287
2021-04-06 14:50:00,75.9300,75.9400,75.8900,75.9400,13321
2021-04-06 14:45:00,76.0300,76.0800,75.9150,75.9150,11279
2021-04-06 14:40:00,76.0100,76.0500,76.0000,76.0300,10222
2021-04-06 14:35:00,76.0250,76.0700,76.0000,76.0200,9010
2021-04-06 14:30:00,76.0850,76.0950,75.9900,76.0250,7488
2021-04-06 14:25:00,76.0250,76.0900,76.0050,76.0900,7255
2021-04-06 14:20:00,76.0350,76.1000,76.0250,76.0250,8831
2021-04-06 14:15:00,76.0200,76.0667,75.9750,76.0400,8342
2021-04-06 14:10:00,76.0800,76.0850,76.0100,76.0300,12785
2021-04-06 14:05:00,76.1600,76.2000,76.0900,76.0950,11503
2021-04-06 14:00:00,76.1800,76.1800,76.1600,76.1720,5650
2021-04-06 13:55:00,76.0900,76.1900,76.0900,76.1700,16758
2021-04-06 13:50:00,76.1900,76.2150,76.0800,76.1000,18073
2021-04-06 13:45:00,76.2150,76.2200,76.1800,76.1970,14671
2021-04-06 13:40:00,76.1300,76.2000,76.1274,76.2000,18642
2021-04-06 13:35:00,76.1200,76.1500,76.0950,76.1300,9732
2021-04-06 13:30:00,76.0600,76.1698,76.0500,76.1300,17503
2021-04-06 13:25:00,76.1200,76.1350,76.0430,76.0430,9847
2021-04-06 13:20:00,76.0400,76.1100,75.9600,76.1100,9942
2021-04-06 13:15:00,76.1400,76.1400,75.9800,76.0400,13293
2021-04-06 13:10:00,76.1500,76.2000,76.1200,76.1450,22347
2021-04-06 13:05:00,76.1450,76.1700,76.1300,76.1400,19127
2021-04-06 13:00:00,76.0900,76.1600,76.0500,76.1600,17888
2021-04-06 12:55:00,76.0200,76.0800,76.0000,76.0800,18128
2021-04-06 12:50:00,75.8900,76.0220,75.8900,76.0200,10375
2021-04-06 12:45:00,75.8900,75.9400,75.8700,75.8800,7179
2021-04-06 12:40:00,75.9300,75.9300,75.8300,75.8600,13240
2021-04-06 12:35:00,76.0100,76.0250,75.9100,75.9406,31096
2021-04-06 12:30:00,75.9299,76.0300,75.9100,75.9950,37679
2021-04-06 12:25:00,75.8900,75.9350,75.7899,75.9200,25390
2021-04-06 12:20:00,75.7900,75.9000,75.7900,75.8800,15958
2021-04-06 12:15:00,75.6500,75.7950,75.6200,75.7900,13073
2021-04-06 12:10:00,75.6300,75.6800,75.5900,75.6500,17323
2021-04-06 12:05:00,75.4650,75.6300,75.4200,75.6200,76071
2021-04-06 12:00:00,75.5000,75.5000,75.4600,75.4650,17035
2021-04-06 11:55:00,75.5000,75.5200,75.4400,75.4950,12053
2021-04-06 11:50:00,75.3900,75.5100,75.3700,75.5100,16704
2021-04-06 11:45:00,75.4900,75.5200,75.4200,75.4200,10474
2021-04-06 11:40:00,75.5250,75.5600,75.4800,75.4800,11541
2021-04-06 11:35:00,75.6335,75.6400,75.5500,75.5598,12990
2021-04-06 11:30:00,75.6400,75.6800,75.5900,75.6100,11139
2021-04-06 11:25:00,75.6100,75.6700,75.6100,75.6400,9607
2021-04-06 11:20:00,75.5200,75.6000,75.4800,75.6000,19223
2021-04-06 11:15:00,75.6100,75.6150,75.4550,75.5003,26160
2021-04-06 11:10:00,75.5700,75.6800,75.5600,75.6300,12643
2021-04-06 11:05:00,75.6000,75.6000,75.4850,75.5600,12404
2021-04-06 11:00:00,75.4800,75.6500,75.4700,75.6200,15682
2021-04-06 10:55:00,75.4300,75.5100,75.4300,75.4800,14030
2021-04-06 10:50:00,75.5400,75.5600,75.4300,75.4596,11124
2021-04-06 10:45:00,75.7300,75.7300,75.4812,75.5387,13336
2021-04-06 10:40:00,75.9000,75.9000,75.7100,75.7600,19849
2021-04-06 10:35:00,75.7600,75.9100,75.7300,75.9100,12620
2021-04-06 10:30:00,75.8016,75.8900,75.7400,75.8000,24720
2021-04-06 10:25:00,75.6900,75.8300,75.6700,75.8100,18789
2021-04-06 10:20:00,75.6300,75.7050,75.6100,75.7050,7617
2021-04-06 10:15:00,75.5500,75.6200,75.5250,75.6200,13187
2021-04-06 10:10:00,75.5800,75.6400,75.4100,75.5200,24909
2021-04-06 10:05:00,75.5450,75.5900,75.4900,75.5400,16644
2021-04-06 10:00:00,75.5100,75.5900,75.4400,75.5350,15043
2021-04-06 09:55:00,75.3350,75.6400,75.3350,75.5200,19539
2021-04-06 09:50:00,75.1200,75.4551,75.1200,75.3250,17985
2021-04-06 09:45:00,74.9500,75.2900,74.9500,75.1799,27884
2021-04-06 09:40:00,74.8700,75.0100,74.7780,74.9400,9339
2021-04-06 09:35:00,74.6300,75.1300,74.5300,74.9200,52053
2021-04-06 08:50:00,74.5400,74.5400,74.5400,74.5400,200
2021-04-06 08:45:00,74.5200,74.5200,74.5200,74.5200,200
2021-04-06 08:25:00,74.6000,74.6000,74.6000,74.6000,501
2021-04-06 08:20:00,74.6001,74.6001,74.6001,74.6001,100
2021-04-05 16:05:00,74.6200,74.6200,74.6200,74.6200,266628
2021-04-05 16:00:00,74.7600,74.8500,74.6100,74.6200,118739
2021-04-05 15:55:00,74.7600,74.7900,74.7000,74.7600,44032
2021-04-05 15:50:00,74.8084,74.8200,74.7400,74.7600,26181
2021-04-05 15:45:00,74.7850,74.8050,74.6800,74.8000,20349
2021-04-05 15:40:00,74.7800,74.8300,74.7600,74.7800,15929
2021-04-05 15:35:00,74.7450,74.8000,74.7450,74.7800,14044
2021-04-05 15:30:00,74.7100,74.7500,74.6350,74.7500,12861
2021-04-05 15:25:00,74.7750,74.7750,74.6900,74.7300,12900
2021-04-05 15:20:00,74.6450,74.7900,74.6450,74.7742,9692
2021-04-05 15:15:00,74.5600,74.6600,74.5200,74.6600,9004
2021-04-05 15:10:00,74.4466,74.5900,74.4466,74.5600,18460
2021-04-05 15:05:00,74.2800,74.4400,74.2673,74.4400,9901
2021-04-05 15:00:00,74.3500,74.4100,74.2800,74.2800,10670
2021-04-05 14:55:00,74.3800,74.4000,74.3400,74.3700,10278
2021-04-05 14:50:00,74.3905,74.4150,74.3500,74.3900,10768
2021-04-05 14:45:00,74.4450,74.5000,74.3800,74.3800,6681
2021-04-05 14:40:00,74.4000,74.4800,74.3900,74.4789,6298
2021-04-05 14:35:00,74.4100,74.5100,74.3800,74.3900,13987
2021-04-05 14:30:00,74.3100,74.4300,74.2900,74.4000,10802
2021-04-05 14:25:00,74.3500,74.3600,74.2700,74.2950,5370
2021-04-05 14:20:00,74.3200,74.3503,74.3000,74.3200,7169
2021-04-05 14:15:00,74.2600,74.3400,74.2600,74.3200,7742
2021-04-05 14:10:00,74.2350,74.3200,74.2350,74.3000,8786
2021-04-05 14:05:00,74.3100,74.3200,74.2400,74.2400,11465
2021-04-05 14:00:00,74.2300,74.3800,74.2300,74.3400,11186
2021-04-05 13:55:00,74.2000,74.2700,74.1800,74.2450,16637
2021-04-05 13:50:00,74.1600,74.2300,74.1300,74.1600,16147
2021-04-05 13:45:00,74.1700,74.2095,74.1300,74.1414,15448
2021-04-05 13:40:00,74.2700,74.3000,74.1700,74.1700,14348
2021-04-05 13:35:00,74.3400,74.3400,74.2700,74.2700,9436
2021-04-05 13:30:00,74.3800,74.3800,74.2800,74.3600,8450
2021-04-05 13:25:00,74.3400,74.4300,74.3400,74.3800,8169
2021-04-05 13:20:00,74.4200,74.4300,74.3700,74.3800,8214
2021-04-05 13:15:00,74.4900,74.4950,74.4400,74.4500,7729
2021-04-05 13:10:00,74.4700,74.5200,74.4500,74.4800,6702
2021-04-05 13:05:00,74.3600,74.4700,74.3300,74.4700,5668
2021-04-05 13:00:00,74.3900,74.4100,74.3350,74.3600,6805
2021-04-05 12:55:00,74.4700,74.4800,74.3800,74.3800,9094
2021-04-05 12:50:00,74.5000,74.5000,74.4200,74.4900,9435
2021-04-05 12:45:00,74.5500,74.5700,74.4800,74.5050,7320
2021-04-05 12:40:00,74.5500,74.5500,74.5000,74.5100,6077
2021-04-05 12:35:00,74.4200,74.5300,74.3900,74.5050,5842
2021-04-05 12:30:00,74.3800,74.4400,74.3200,74.4200,9372
2021-04-05 12:25:00,74.4300,74.4600,74.3700,74.3800,14123
2021-04-05 12:20:00,74.5050,74.5200,74.4200,74.4200,7302
2021-04-05 12:15:00,74.5500,74.5700,74.4900,74.4900,6395
2021-04-05 12:10:00,74.5600,74.6000,74.5100,74.5750,9498
2021-04-05 12:05:00,74.4200,74.5600,74.4100,74.5600,7897
2021-04-05 12:00:00,74.4800,74.5100,74.4200,74.4200,9944
2021-04-05 11:55:00,74.5000,74.5500,74.4200,74.4500,11321
2021-04-05 11:50:00,74.5600,74.5800,74.5000,74.5350,9210
2021-04-05 11:45:00,74.4500,74.5690,74.4200,74.5550,7303
2021-04-05 11:40:00,74.3700,74.5500,74.3700,74.4682,15861
2021-04-05 11:35:00,74.5400,74.6400,74.3900,74.3900,26735
2021-04-05 11:30:00,74.6200,74.6200,74.5000,74.5000,19606
2021-04-05 11:25:00,74.5650,74.6200,74.5600,74.5900,7876
2021-04-05 11:20:00,74.7018,74.7200,74.5800,74.5800,7382
2021-04-05 11:15:00,74.8300,74.9000,74.7700,74.7700,10128
2021-04-05 11:10:00,74.8350,74.9000,74.7800,74.8600,10554
2021-04-05 11:05:00,74.6700,74.8900,74.6700,74.8100,7179
2021-04-05 11:00:00,74.5600,74.7600,74.5200,74.6650,11739
2021-04-05 10:55:00,74.7650,74.7699,74.5400,74.5800,8499
2021-04-05 10:50:00,74.7800,74.8459,74.7300,74.7600,12311
2021-04-05 10:45:00,74.8800,74.9000,74.7900,74.7900,11334
2021-04-05 10:40:00,74.8801,74.9800,74.8200,74.8200,9279
2021-04-05 10:35:00,74.9500,75.0001,74.9000,74.9100,14693
2021-04-05 10:30:00,74.9800,75.0200,74.9300,74.9500,8662
2021-04-05 10:25:00,75.0900,75.1100,75.0000,75.0050,10934
2021-04-05 10:20:00,75.0350,75.1015,74.9500,75.1015,13919
2021-04-05 10:15:00,74.5505,75.1100,74.5300,75.0400,16480
2021-04-05 10:10:00,74.6900,74.7600,74.3900,74.5600,61798
2021-04-05 10:05:00,75.0700,75.1000,74.6700,74.7000,32172
2021-04-05 10:00:00,75.0800,75.1600,75.0250,75.1300,4942
2021-04-05 09:55:00,75.0300,75.1900,74.9500,75.1000,14973
2021-04-05 09:50:00,75.2300,75.2900,75.0500,75.0571,11968
2021-04-05 09:45:00,75.4466,75.4466,75.3000,75.3774,10019
2021-04-05 09:40:00,75.3600,75.4600,75.2500,75.3900,16201
2021-04-05 09:35:00,75.0000,75.3500,74.9500,75.3000,82166
2021-04-01 20:00:00,74.8700,74.8700,74.8700,74.8700,395
2021-04-01 16:05:00,74.8700,74.8700,74.8700,74.8700,90139
2021-04-01 16:00:00,74.9100,74.9800,74.8700,74.8700,99847
2021-04-01 15:55:00,74.8400,74.9022,74.8000,74.9022,62556
2021-04-01 15:50:00,74.8500,74.8900,74.8400,74.8500,30738
2021-04-01 15:45:00,74.9400,74.9900,74.8400,74.8600,42297
2021-04-01 15:40:00,75.0700,75.0800,74.9200,74.9300,34790
2021-04-01 15:35:00,75.0850,75.0900,75.0046,75.0600,17821
2021-04-01 15:30:00,75.1150,75.1170,75.0600,75.0900,13849
2021-04-01 15:25:00,75.1500,75.2000,75.0950,75.1200,14481
2021-04-01 15:20:00,75.1200,75.1800,75.0900,75.1650,15046
2021-04-01 15:15:00,75.1400,75.2000,75.1364,75.1364,16474
2021-04-01 15:10:00,75.0700,75.1400,75.0700,75.1300,11721
2021-04-01 15:05:00,75.0500,75.1600,75.0500,75.0700,12452
2021-04-01 15:00:00,75.0300,75.0700,75.0150,75.0500,9284
2021-04-01 14:55:00,74.9400,75.0800,74.8850,75.0350,49888
2021-04-01 14:50:00,74.9000,74.9300,74.9000,74.9200,8602
2021-04-01 14:45:00,74.8900,74.9500,74.8900,74.9100,7015
2021-04-01 14:40:00,74.8700,74.9410,74.8663,74.9100,7551
2021-04-01 14:35:00,74.8600,74.9000,74.8300,74.8800,7401
2021-04-01 14:30:00,74.9100,74.9100,74.8100,74.8600,17979
2021-04-01 14:25:00,74.8800,74.9300,74.8700,74.9243,5772
2021-04-01 14:20:00,74.8400,74.8900,74.8300,74.8900,10653
2021-04-01 14:15:00,74.8700,74.8900,74.8500,74.8600,5321
2021-04-01 14:10:00,74.8600,74.8900,74.8400,74.8800,12899
2021-04-01 14:05:00,74.8000,74.9000,74.8000,74.8550,11243
2021-04-01 14:00:00,74.7400,74.8000,74.7300,74.8000,8973
2021-04-01 13:55:00,74.7200,74.7400,74.6575,74.7400,8220
2021-04-01 13:50:00,74.7800,74.7800,74.6600,74.7200,11145
2021-04-01 13:45:00,74.9200,74.9200,74.7800,74.7800,10354
2021-04-01 13:40:00,74.9800,75.0100,74.8800,74.8900,15792
2021-04-01 13:35:00,74.9950,75.0200,74.9565,75.0000,10607
2021-04-01 13:30:00,74.9000,75.0300,74.9000,75.0110,10320
2021-04-01 13:25:00,74.9400,74.9400,74.8400,74.9000,13873
2021-04-01 13:20:00,74.8800,74.9400,74.8700,74.8901,12289
2021-04-01 13:15:00,74.8100,74.8790,74.8000,74.8609,12535
2021-04-01 13:10:00,74.8000,74.8800,74.7800,74.8400,10331
2021-04-01 13:05:00,74.7400,74.8000,74.7358,74.8000,8038
2021-04-01 13:00:00,74.8500,74.8500,74.7300,74.7300,5127
2021-04-01 12:55:00,74.8120,74.8768,74.8120,74.8600,8063
2021-04-01 12:50:00,74.7600,74.8400,74.7561,74.8200,8906
2021-04-01 12:45:00,74.8400,74.8400,74.7550,74.7900,7445
2021-04-01 12:40:00,74.8900,74.9500,74.8400,74.8400,39882
2021-04-01 12:35:00,74.8800,74.9400,74.8200,74.8750,13597
2021-04-01 12:30:00,74.8200,74.8800,74.7600,74.8800,11355
2021-04-01 12:25:00,74.7200,74.8250,74.7200,74.8250,11656
2021-04-01 12:20:00,74.5680,74.7400,74.5680,74.7200,57683
2021-04-01 12:15:00,74.6050,74.6900,74.5600,74.5750,12078
2021-04-01 12:10:00,74.4600,74.6600,74.4501,74.6200,22406
2021-04-01 12:05:00,74.4600,74.4700,74.4100,74.4500,8193
2021-04-01 12:00:00,74.3000,74.4800,74.2700,74.4600,8296
2021-04-01 11:55:00,74.2500,74.3100,74.2300,74.3100,10081
2021-04-01 11:50:00,74.3200,74.3300,74.2400,74.2500,6974
2021-04-01 11:45:00,74.3400,74.4200,74.2900,74.3500,9399
2021-04-01 11:40:00,74.2200,74.3100,74.1900,74.2899,11246
2021-04-01 11:35:00,74.2500,74.2500,74.1800,74.2200,10334
2021-04-01 11:30:00,74.2200,74.2800,74.1210,74.2450,13978
2021-04-01 11:25:00,74.3050,74.4100,74.1700,74.2100,17160
2021-04-01 11:20:00,74.3600,74.4100,74.2600,74.3200,20824
2021-04-01 11:15:00,74.2950,74.4500,74.2950,74.3750,13917
2021-04-01 11:10:00,74.3000,74.3400,74.2600,74.2800,12799
2021-04-01 11:05:00,74.2600,74.3600,74.2450,74.3200,22017
2021-04-01 11:00:00,74.2500,74.3200,74.2100,74.2650,16379
2021-04-01 10:55:00,74.2700,74.2950,74.1600,74.2300,14439
2021-04-01 10:50:00,74.3200,74.3500,74.2800,74.2800,14533
2021-04-01 10:45:00,74.3050,74.3700,74.2100,74.3300,11536
2021-04-01 10:40:00,74.2100,74.3500,74.1200,74.3300,16509
2021-04-01 10:35:00,74.0700,74.2900,74.0600,74.1700,17834
2021-04-01 10:30:00,74.0000,74.0800,73.9400,74.0700,19784
2021-04-01 10:25:00,74.0400,74.0900,73.8950,73.9800,26718
2021-04-01 10:20:00,74.0600,74.1700,74.0200,74.0650,12858
2021-04-01 10:15:00,73.9950,74.2000,73.9591,74.0600,12610
2021-04-01 10:10:00,74.0600,74.1600,73.9700,74.0300,12108
2021-04-01 10:05:00,73.5500,74.0700,73.5100,74.0500,62522
2021-04-01 10:00:00,73.5500,73.5900,73.3101,73.5900,48233
2021-04-01 09:55:00,73.5600,73.5700,73.3900,73.5200,38832
2021-04-01 09:50:00,73.7600,73.8100,73.4800,73.5500,31988
2021-04-01 09:45:00,73.8000,73.9300,73.6500,73.7500,44877
2021-04-01 09:40:00,73.9000,73.9999,73.7200,73.8800,41025
2021-04-01 09:35:00,74.1800,74.5400,73.7700,73.9000,157197
2021-04-01 09:10:00,74.5800,74.5800,74.5800,74.5800,150
2021-04-01 08:55:00,74.3200,74.3200,74.3200,74.3200,100
2021-03-31 19:40:00,74.4000,74.4000,74.4000,74.4000,500
2021-03-31 19:15:00,74.4000,74.4000,74.4000,74.4000,200
2021-03-31 16:40:00,74.3000,74.3000,74.3000,74.3000,500
2021-03-31 16:35:00,74.3000,74.3000,74.3000,74.3000,1135
2021-03-31 16:10:00,74.3000,74.3000,74.3000,74.3000,9994
2021-03-31 16:05:00,74.3000,74.3000,74.3000,74.3000,68358
2021-03-31 16:00:00,74.5768,74.5800,74.2800,74.3200,188495
2021-03-31 15:55:00,74.3900,74.6000,74.3800,74.5700,95966
2021-03-31 15:50:00,74.4800,74.4800,74.3900,74.3900,63428
2021-03-31 15:45:00,74.4250,74.5300,74.4113,74.4800,41367
2021-03-31 15:40:00,74.6150,74.6200,74.4100,74.4200,36479
2021-03-31 15:35:00,74.5400,74.6600,74.5400,74.6300,37483
2021-03-31 15:30:00,74.4900,74.5600,74.4850,74.5600,27124
2021-03-31 15:25:00,74.4800,74.5600,74.4400,74.4900,25919
2021-03-31 15:20:00,74.3500,74.4700,74.3300,74.4700,25948
2021-03-31 15:15:00,74.3950,74.4200,74.3100,74.3500,24778
2021-03-31 15:10:00,74.3650,74.4500,74.3600,74.4000,18664
2021-03-31 15:05:00,74.3950,74.4100,74.3000,74.3650,21491
2021-03-31 15:00:00,74.4899,74.5350,74.3700,74.4000,20313
2021-03-31 14:55:00,74.4700,74.5200,74.4200,74.4800,17538
2021-03-31 14:50:00,74.5100,74.5600,74.4488,74.4600,17431
2021-03-31 14:45:00,74.4700,74.5800,74.4700,74.5500,22813
2021-03-31 14:40:00,74.5400,74.5900,74.4704,74.4704,18973
2021-03-31 14:35:00,74.4350,74.6100,74.4350,74.5400,15542
2021-03-31 14:30:00,74.6700,74.6800,74.4000,74.4400,73205
2021-03-31 14:25:00,74.8000,74.8145,74.6500,74.6600,15640
2021-03-31 14:20:00,74.7900,74.9280,74.7600,74.8150,9959
2021-03-31 14:15:00,74.8300,74.8600,74.7500,74.8000,13191
2021-03-31 14:10:00,74.7650,74.9100,74.7500,74.8600,13552
2021-03-31 14:05:00,74.7700,74.7800,74.6800,74.7600,17797
2021-03-31 14:00:00,74.8150,74.8200,74.5700,74.7700,71735
2021-03-31 13:55:00,74.8150,74.9349,74.7900,74.8200,16076
2021-03-31 13:50:00,74.8150,74.8560,74.7250,74.8100,19651
2021-03-31 13:45:00,75.0500,75.0500,74.8000,74.8000,24774
2021-03-31 13:40:00,75.0900,75.0900,75.0250,75.0500,17246
2021-03-31 13:35:00,74.9900,75.1400,74.9600,75.1100,18414
2021-03-31 13:30:00,74.9950,75.0350,74.9800,75.0000,8882
2021-03-31 13:25:00,75.0540,75.0900,74.9550,74.9800,10178
2021-03-31 13:20:00,74.8800,75.1600,74.8800,75.0500,25035
2021-03-31 13:15:00,74.9950,75.0200,74.8700,74.9100,24891
2021-03-31 13:10:00,75.1170,75.1170,74.9600,74.9750,20196
2021-03-31 13:05:00,75.0600,75.1200,75.0400,75.1115,11357
2021-03-31 13:00:00,74.9500,75.1000,74.9100,75.0450,14131
2021-03-31 12:55:00,74.8900,74.9650,74.8900,74.9600,10774
2021-03-31 12:50:00,74.9600,74.9700,74.8700,74.9200,24328
2021-03-31 12:45:00,75.0900,75.0900,74.9400,74.9700,37519
2021-03-31 12:40:00,75.2100,75.2400,75.0700,75.1000,41259
2021-03-31 12:35:00,75.2100,75.2200,75.1500,75.2050,12392
2021-03-31 12:30:00,75.0650,75.2400,75.0600,75.1941,19165
2021-03-31 12:25:00,75.3200,75.3200,75.0300,75.0500,36659
2021-03-31 12:20:00,75.4500,75.4500,75.2950,75.3600,16380
2021-03-31 12:15:00,75.5350,75.5350,75.4100,75.4500,4810
2021-03-31 12:10:00,75.4900,75.5800,75.4750,75.5300,8449
2021-03-31 12:05:00,75.7700,75.7700,75.4700,75.4700,16706
2021-03-31 12:00:00,75.8800,75.8800,75.7700,75.7800,8817
2021-03-31 11:55:00,75.8400,75.8600,75.8000,75.8500,6273
2021-03-31 11:50:00,75.7000,75.8600,75.7000,75.8200,3719
2021-03-31 11:45:00,75.6550,75.7150,75.6300,75.6900,7952
2021-03-31 11:40:00,75.5535,75.6400,75.5535,75.6400,6418
2021-03-31 11:35:00,75.7100,75.7250,75.5300,75.5300,9872
2021-03-31 11:30:00,75.7700,75.7900,75.7200,75.7300,7047
2021-03-31 11:25:00,75.7500,75.8131,75.7500,75.7700,7664
2021-03-31 11:20:00,75.7400,75.7900,75.6600,75.7393,7474
2021-03-31 11:15:00,75.8700,75.8805,75.7500,75.7894,9827
2021-03-31 11:10:00,75.9700,75.9700,75.8000,75.8550,4556
2021-03-31 11:05:00,75.9300,75.9900,75.9000,75.9800,14426
2021-03-31 11:00:00,75.6850,75.9200,75.6850,75.9200,13042
2021-03-31 10:55:00,75.6200,75.7450,75.6200,75.6850,9983
2021-03-31 10:50:00,75.6600,75.6600,75.5400,75.6300,7279
2021-03-31 10:45:00,75.6500,75.6600,75.5900,75.6400,12469
2021-03-31 10:40:00,75.3600,75.6700,75.3600,75.6700,38639
2021-03-31 10:35:00,75.5400,75.5650,75.3950,75.4000,24771
2021-03-31 10:30:00,75.6100,75.6300,75.4700,75.5400,3968
2021-03-31 10:25:00,75.5200,75.6800,75.4500,75.6450,11717
2021-03-31 10:20:00,75.4600,75.5400,75.4500,75.5200,5567
2021-03-31 10:15:00,75.5900,75.6200,75.4500,75.4800,5082
2021-03-31 10:10:00,75.6550,75.7100,75.5500,75.5950,5825
2021-03-31 10:05:00,75.5600,75.7500,75.5600,75.6300,10371
2021-03-31 10:00:00,75.6200,75.7400,75.4949,75.5900,12197
2021-03-31 09:55:00,75.5800,75.6200,75.3100,75.5800,13387
2021-03-31 09:50:00,75.6600,75.6700,75.5100,75.5550,6278
2021-03-31 09:45:00,75.9100,75.9700,75.5200,75.6000,6166
2021-03-31 09:40:00,75.8100,76.0400,75.8100,75.8950,13715
2021-03-31 09:35:00,75.6800,75.9500,75.5400,75.9100,73580
2021-03-30 16:55:00,75.9500,75.9500,75.9500,75.9500,515
2021-03-30 16:50:00,76.0000,76.0000,76.0000,76.0000,150
2021-03-30 16:35:00,75.9500,75.9500,75.9500,75.9500,100
2021-03-30 16:05:00,75.9500,75.9500,75.9500,75.9500,22963
2021-03-30 16:00:00,75.8600,75.9600,75.8300,75.9600,127402
2021-03-30 15:55:00,75.7900,75.8600,75.7400,75.8600,56726
2021-03-30 15:50:00,75.8300,75.8300,75.7700,75.8000,26897
2021-03-30 15:45:00,75.9000,75.9000,75.8100,75.8250,22019
2021-03-30 15:40:00,75.9400,75.9400,75.9000,75.9200,18542
2021-03-30 15:35:00,75.9400,75.9700,75.9000,75.9400,18498
2021-03-30 15:30:00,75.9000,75.9601,75.9000,75.9300,13810
2021-03-30 15:25:00,75.9400,75.9574,75.8500,75.9000,14117
2021-03-30 15:20:00,76.0000,76.0150,75.8700,75.9150,22800
2021-03-30 15:15:00,76.2300,76.2400,75.9400,75.9750,32975
2021-03-30 15:10:00,76.2700,76.2900,76.2400,76.2500,12366
2021-03-30 15:05:00,76.2750,76.3100,76.2400,76.2764,13358
2021-03-30 15:00:00,76.2700,76.3200,76.2200,76.3050,14528
2021-03-30 14:55:00,76.1900,76.2600,76.1900,76.2450,14927
2021-03-30 14:50:00,76.1750,76.2650,76.1600,76.1900,26593
2021-03-30 14:45:00,76.2700,76.2700,76.1500,76.1815,18876
2021-03-30 14:40:00,76.2500,76.2800,76.2250,76.2550,12419
2021-03-30 14:35:00,76.2950,76.3300,76.2600,76.2700,10958
2021-03-30 14:30:00,76.2500,76.3100,76.2500,76.3100,11942
2021-03-30 14:25:00,76.2700,76.2900,76.2400,76.2500,9982
2021-03-30 14:20:00,76.3300,76.3300,76.2400,76.2400,7737
2021-03-30 14:15:00,76.2400,76.3600,76.2400,76.3500,11556
2021-03-30 14:10:00,76.2500,76.3400,76.2500,76.2900,22526
2021-03-30 14:05:00,76.2900,76.3100,76.2250,76.2406,13251
2021-03-30 14:00:00,76.2900,76.3800,76.2600,76.3000,12576
2021-03-30 13:55:00,76.1300,76.3450,76.1300,76.2900,20187
2021-03-30 13:50:00,76.1690,76.2100,76.1010,76.1010,4665
2021-03-30 13:45:00,76.1400,76.1700,76.1000,76.1400,5772
2021-03-30 13:40:00,76.1300,76.2200,76.1100,76.1300,6699
2021-03-30 13:35:00,76.1100,76.2400,76.1050,76.1300,13428
2021-03-30 13:30:00,76.2100,76.2600,76.1100,76.1100,15500
2021-03-30 13:25:00,76.2050,76.2500,76.1700,76.2100,7312
2021-03-30 13:20:00,76.2200,76.2650,76.1900,76.1900,7706
2021-03-30 13:15:00,76.3500,76.4300,76.1650,76.2200,38484
2021-03-30 13:10:00,76.3850,76.3900,76.2900,76.3500,10311
2021-03-30 13:05:00,76.4000,76.4700,76.2900,76.3700,53720
2021-03-30 13:00:00,76.2300,76.4250,76.2300,76.4150,17912
2021-03-30 12:55:00,76.2400,76.2500,76.1700,76.2300,5869
2021-03-30 12:50:00,76.1700,76.2600,76.1700,76.2300,8543
2021-03-30 12:45:00,76.2700,76.3300,76.1700,76.1700,9492
2021-03-30 12:40:00,76.1800,76.2700,76.1800,76.2450,15831
2021-03-30 12:35:00,76.1000,76.2400,76.1000,76.1900,12879
2021-03-30 12:30:00,76.1300,76.1450,76.0800,76.0900,12662
2021-03-30 12:25:00,76.2350,76.2350,76.1200,76.1450,9701
2021-03-30 12:20:00,76.3200,76.3800,76.2250,76.2350,10675
2021-03-30 12:15:00,76.2950,76.3500,76.2750,76.3150,6210
2021-03-30 12:10:00,76.2350,76.3900,76.2300,76.3200,19828
2021-03-30 12:05:00,76.2500,76.2850,76.2287,76.2750,6562
2021-03-30 12:00:00,76.3600,76.3600,76.2000,76.2000,8212
2021-03-30 11:55:00,76.3600,76.4300,76.3400,76.3400,10002
2021-03-30 11:50:00,76.3350,76.3700,76.2800,76.3300,7830
2021-03-30 11:45:00,76.1900,76.3300,76.1400,76.3200,6506
2021-03-30 11:40:00,76.2500,76.2500,76.1100,76.1500,10188
2021-03-30 11:35:00,76.2800,76.2800,76.1800,76.2650,35929
2021-03-30 11:30:00,76.3600,76.3600,76.2200,76.3000,7779
2021-03-30 11:25:00,76.4775,76.4950,76.3400,76.3700,6847
2021-03-30 11:20:00,76.5700,76.5700,76.4100,76.4800,19801
2021-03-30 11:15:00,76.5000,76.5900,76.5000,76.5400,11093
2021-03-30 11:10:00,76.5800,76.6500,76.5800,76.6000,7107
2021-03-30 11:05:00,76.5200,76.6000,76.5200,76.5800,10494
2021-03-30 11:00:00,76.5580,76.5700,76.5000,76.5500,9578
2021-03-30 10:55:00,76.6600,76.6600,76.5800,76.5800,6158
2021-03-30 10:50:00,76.6200,76.6700,76.5700,76.6450,11300
2021-03-30 10:45:00,76.6200,76.6900,76.5500,76.6000,7069
2021-03-30 10:40:00,76.6850,76.7200,76.5700,76.5800,8329
2021-03-30 10:35:00,76.7500,76.8400,76.6600,76.7400,17342
2021-03-30 10:30:00,76.5800,76.8000,76.5650,76.8000,13683
2021-03-30 10:25:00,76.3600,76.5400,76.3600,76.5400,4481
2021-03-30 10:20:00,76.3200,76.4200,76.3200,76.4200,4160
2021-03-30 10:15:00,76.4750,76.4800,76.3900,76.4350,5565
2021-03-30 10:10:00,76.3800,76.4700,76.3000,76.4500,9636
2021-03-30 10:05:00,76.4000,76.5500,76.3900,76.4200,8153
2021-03-30 10:00:00,76.3900,76.4900,76.3500,76.3685,6089
2021-03-30 09:55:00,76.5400,76.5400,76.3500,76.4300,7799
2021-03-30 09:50:00,76.5650,76.5900,76.4300,76.4600,7287
2021-03-30 09:45:00,76.5400,76.5600,76.3822,76.5500,3742
2021-03-30 09:40:00,76.6100,76.8300,76.6000,76.6000,9036
2021-03-30 09:35:00,76.4900,76.8700,76.4900,76.7000,30071
2021-03-30 09:15:00,76.4000,76.4000,76.4000,76.4000,241
2021-03-29 16:05:00,76.4000,76.4000,76.4000,76.4000,52083
2021-03-29 16:00:00,76.5100,76.5300,76.3500,76.4000,74202
2021-03-29 15:55:00,76.5400,76.5499,76.4800,76.5200,56524
2021-03-29 15:50:00,76.5500,76.6050,76.4800,76.5500,37632
2021-03-29 15:45:00,76.5800,76.5800,76.4900,76.5600,52667
2021-03-29 15:40:00,76.5500,76.6700,76.4800,76.6000,34287
2021-03-29 15:35:00,76.6200,76.6650,76.5300,76.5400,28372
2021-03-29 15:30:00,76.5100,76.6250,76.5100,76.6200,31135
2021-03-29 15:25:00,76.4150,76.5000,76.4150,76.5000,10983
2021-03-29 15:20:00,76.5300,76.5500,76.4150,76.4150,17468
2021-03-29 15:15:00,76.4900,76.5200,76.4400,76.4800,10477
2021-03-29 15:10:00,76.4600,76.5300,76.4300,76.5000,16809
2021-03-29 15:05:00,76.3500,76.4600,76.3400,76.4410,10680
2021-03-29 15:00:00,76.3600,76.3700,76.2800,76.3600,7248
2021-03-29 14:55:00,76.3050,76.4300,76.2800,76.3650,8280
2021-03-29 14:50:00,76.2300,76.3600,76.2096,76.3200,13309
2021-03-29 14:45:00,76.2100,76.2900,76.2100,76.2314,9585
2021-03-29 14:40:00,76.1816,76.2200,76.1400,76.2200,9705
2021-03-29 14:35:00,76.2600,76.2800,76.1100,76.1971,7363
2021-03-29 14:30:00,76.3300,76.3300,76.2550,76.2550,8247
2021-03-29 14:25:00,76.4200,76.4800,76.3300,76.3550,23130
2021-03-29 14:20:00,76.3800,76.4150,76.3600,76.3950,20714
2021-03-29 14:15:00,76.2000,76.4100,76.2000,76.3950,24580
2021-03-29 14:10:00,76.1200,76.2200,76.1000,76.2200,11563
2021-03-29 14:05:00,76.0000,76.1400,75.9500,76.1400,8069
2021-03-29 14:00:00,76.0300,76.0900,75.9810,75.9810,6503
2021-03-29 13:55:00,76.0500,76.1150,76.0250,76.0600,7184
2021-03-29 13:50:00,75.9512,76.0300,75.9100,76.0000,9165
2021-03-29 13:45:00,76.0200,76.0300,75.8800,75.9400,27913
2021-03-29 13:40:00,76.1500,76.1700,76.0000,76.0400,12449
2021-03-29 13:35:00,76.0200,76.1800,76.0200,76.1800,8622
2021-03-29 13:30:00,75.9700,76.0400,75.9700,76.0400,7898
2021-03-29 13:25:00,76.0700,76.0700,75.9500,75.9600,4831
2021-03-29 13:20:00,76.0899,76.1300,76.0500,76.0500,15086
2021-03-29 13:15:00,76.1550,76.1700,76.0600,76.0700,12199
2021-03-29 13:10:00,76.2600,76.2900,76.1500,76.1500,8347
2021-03-29 13:05:00,76.1500,76.2900,76.1500,76.2600,7477
2021-03-29 13:00:00,76.1550,76.1800,76.0900,76.1100,8327
2021-03-29 12:55:00,76.0300,76.1400,76.0300,76.1400,9486
2021-03-29 12:50:00,76.0300,76.0300,75.9400,76.0300,8091
2021-03-29 12:45:00,76.0000,76.0500,75.9300,76.0050,7553
2021-03-29 12:40:00,75.9900,76.0700,75.9850,76.0300,4794
2021-03-29 12:35:00,75.9500,76.0100,75.9300,75.9700,8211
2021-03-29 12:30:00,75.7600,75.9500,75.7500,75.9350,11550
2021-03-29 12:25:00,75.7300,75.7600,75.6800,75.7500,8117
2021-03-29 12:20:00,75.7000,75.7765,75.6900,75.7400,14822
2021-03-29 12:15:00,75.9000,75.9000,75.6700,75.7000,14738
2021-03-29 12:10:00,75.9200,75.9500,75.8700,75.9000,13451
2021-03-29 12:05:00,75.9700,76.0100,75.8900,75.9000,6479
2021-03-29 12:00:00,75.9900,76.0400,75.9400,75.9900,7517
2021-03-29 11:55:00,75.9200,76.0100,75.8775,75.9616,9322
2021-03-29 11:50:00,75.9450,75.9800,75.8900,75.9050,10592
2021-03-29 11:45:00,75.9850,76.0000,75.9200,75.9200,6243
2021-03-29 11:40:00,76.0700,76.0882,75.9600,76.0000,11176
2021-03-29 11:35:00,76.0150,76.1600,76.0100,76.0950,16930
2021-03-29 11:30:00,75.8900,76.0300,75.8700,76.0100,8510
2021-03-29 11:25:00,75.8500,75.9300,75.8250,75.8700,10001
2021-03-29 11:20:00,75.8600,75.9250,75.8400,75.8700,8745
2021-03-29 11:15:00,75.9400,75.9900,75.7750,75.8500,24947
2021-03-29 11:10:00,76.0100,76.0300,75.8350,75.9100,11460
2021-03-29 11:05:00,75.8700,76.0400,75.8300,76.0350,10583
2021-03-29 11:00:00,75.8800,75.9083,75.8400,75.8550,7621
2021-03-29 10:55:00,76.0100,76.0400,75.8680,75.8680,8487
2021-03-29 10:50:00,76.0250,76.0250,75.8200,76.0200,12983
2021-03-29 10:45:00,76.0700,76.1000,76.0100,76.0250,11196
2021-03-29 10:40:00,76.1200,76.1600,75.9550,76.0900,11660
2021-03-29 10:35:00,76.1400,76.2400,76.0700,76.1150,16233
2021-03-29 10:30:00,76.0400,76.2150,76.0400,76.1300,13012
2021-03-29 10:25:00,76.0400,76.1200,76.0050,76.0400,7987
2021-03-29 10:20:00,76.2600,76.2730,76.0400,76.0650,11867
2021-03-29 10:15:00,76.4800,76.4800,76.2750,76.2800,13560
2021-03-29 10:10:00,76.5900,76.5900,76.4200,76.4900,11750
2021-03-29 10:05:00,76.4500,76.6300,76.4300,76.6200,19316
2021-03-29 10:00:00,76.4400,76.5899,76.4150,76.4663,19081
2021-03-29 09:55:00,76.2950,76.4500,76.2200,76.3500,10777
2021-03-29 09:50:00,76.6200,76.7500,76.2500,76.3400,27559
2021-03-29 09:45:00,76.2000,76.6500,76.1700,76.6500,28367
2021-03-29 09:40:00,76.1300,76.2800,75.9700,76.2800,7562
2021-03-29 09:35:00,75.9900,76.2700,75.8500,76.0100,55933
2021-03-26 18:10:00,75.9000,75.9000,75.9000,75.9000,500
2021-03-26 16:05:00,75.9800,75.9800,75.9800,75.9800,22503
2021-03-26 16:00:00,75.7100,76.1300,75.7000,75.9600,172169
2021-03-26 15:55:00,75.8400,75.8600,75.6850,75.7200,56444
2021-03-26 15:50:00,75.5900,75.8700,75.5700,75.8700,55783
2021-03-26 15:45:00,75.6500,75.7050,75.5500,75.5800,31676
2021-03-26 15:40:00,75.7700,75.8100,75.6300,75.6500,38060
2021-03-26 15:35:00,75.6200,75.8250,75.6000,75.8250,29173
2021-03-26 15:30:00,75.5100,75.6100,75.4450,75.6100,15529
2021-03-26 15:25:00,75.6600,75.6600,75.5200,75.5450,14981
2021-03-26 15:20:00,75.5100,75.6300,75.5000,75.6300,22603
2021-03-26 15:15:00,75.4300,75.5200,75.4100,75.4800,14010
2021-03-26 15:10:00,75.4700,75.4900,75.4400,75.4500,10123
2021-03-26 15:05:00,75.5300,75.5500,75.4300,75.4300,10841
2021-03-26 15:00:00,75.4269,75.5600,75.3700,75.5250,21711
2021-03-26 14:55:00,75.3100,75.4700,75.2900,75.4160,21348
2021-03-26 14:50:00,75.5200,75.5200,75.2800,75.3000,13138
2021-03-26 14:45:00,75.4960,75.5900,75.4800,75.5700,10540
2021-03-26 14:40:00,75.6500,75.6650,75.5200,75.5450,14340
2021-03-26 14:35:00,75.5100,75.6700,75.4500,75.6600,40481
2021-03-26 14:30:00,75.4050,75.5191,75.3800,75.5191,20770
2021-03-26 14:25:00,75.1500,75.4000,75.1100,75.4000,17851
2021-03-26 14:20:00,75.1400,75.1600,75.0300,75.1200,10099
2021-03-26 14:15:00,75.0500,75.2000,75.0500,75.1300,14419
2021-03-26 14:10:00,75.0200,75.0800,74.9900,75.0400,11845
2021-03-26 14:05:00,75.2200,75.2200,75.0000,75.0000,13925
2021-03-26 14:00:00,75.1000,75.2200,75.1000,75.2200,9521
2021-03-26 13:55:00,74.8600,75.1000,74.8600,75.1000,12932
2021-03-26 13:50:00,74.8700,74.9020,74.8218,74.8218,14640
2021-03-26 13:45:00,74.8900,74.8900,74.8400,74.8600,6551
2021-03-26 13:40:00,74.9850,74.9850,74.8600,74.8600,8721
2021-03-26 13:35:00,75.0200,75.0500,74.9900,74.9900,9961
2021-03-26 13:30:00,75.0500,75.0600,74.9889,75.0100,5321
2021-03-26 13:25:00,75.0300,75.0500,74.9850,75.0500,7004
2021-03-26 13:20:00,75.0900,75.0900,74.9900,75.0400,6915
2021-03-26 13:15:00,75.1900,75.2100,75.0400,75.0900,11005
2021-03-26 13:10:00,75.1300,75.2200,75.1300,75.2000,8724
2021-03-26 13:05:00,75.1000,75.1400,75.0804,75.1298,4090
2021-03-26 13:00:00,75.1300,75.1500,75.0400,75.0850,7678
2021-03-26 12:55:00,75.0700,75.1600,75.0400,75.1200,9507
2021-03-26 12:50:00,75.1900,75.2400,75.0800,75.0800,9143
2021-03-26 12:45:00,75.0950,75.2300,75.0800,75.1900,13612
2021-03-26 12:40:00,75.2000,75.2000,75.0700,75.0700,8393
2021-03-26 12:35:00,75.1200,75.2400,75.1100,75.1700,12670
2021-03-26 12:30:00,74.9550,75.1300,74.9200,75.1300,25286
2021-03-26 12:25:00,74.8000,74.9600,74.7880,74.9450,21908
2021-03-26 12:20:00,74.8000,74.8900,74.8000,74.8250,6049
2021-03-26 12:15:00,74.7550,74.7800,74.7100,74.7700,5454
2021-03-26 12:10:00,74.6850,74.7900,74.6600,74.7800,6340
2021-03-26 12:05:00,74.5400,74.6900,74.5400,74.6900,11495
2021-03-26 12:00:00,74.5800,74.6700,74.5550,74.5800,10622
2021-03-26 11:55:00,74.6800,74.6800,74.5800,74.5900,11353
2021-03-26 11:50:00,74.6200,74.6900,74.5800,74.6900,6686
2021-03-26 11:45:00,74.6200,74.6900,74.6200,74.6200,6778
2021-03-26 11:40:00,74.7250,74.7300,74.6100,74.6600,5657
2021-03-26 11:35:00,74.7200,74.7506,74.6100,74.7200,9595
2021-03-26 11:30:00,74.6700,74.7700,74.6300,74.7400,15562
2021-03-26 11:25:00,74.4550,74.6700,74.4400,74.6692,8189
2021-03-26 11:20:00,74.5680,74.5920,74.4100,74.4700,13095
2021-03-26 11:15:00,74.5800,74.6200,74.5200,74.6000,12773
2021-03-26 11:10:00,74.6500,74.6600,74.5800,74.5800,7941
2021-03-26 11:05:00,74.3700,74.6700,74.3600,74.6500,18508
2021-03-26 11:00:00,74.5400,74.6000,74.3600,74.3600,10417
2021-03-26 10:55:00,74.6400,74.6617,74.5200,74.5200,15104
2021-03-26 10:50:00,74.6300,74.6900,74.5800,74.6700,6983
2021-03-26 10:45:00,74.6100,74.7000,74.6000,74.6400,7179
2021-03-26 10:40:00,74.7224,74.7800,74.5600,74.5850,7821
2021-03-26 10:35:00,74.7900,74.8400,74.7000,74.7500,11654
2021-03-26 10:30:00,74.7700,74.8700,74.7700,74.8200,6611
2021-03-26 10:25:00,74.7321,74.7899,74.6300,74.7600,11880
2021-03-26 10:20:00,74.6900,74.7400,74.6300,74.7100,7014
2021-03-26 10:15:00,74.5050,74.7000,74.5050,74.6700,8075
2021-03-26 10:10:00,74.8500,74.8500,74.4800,74.4980,17247
2021-03-26 10:05:00,75.0150,75.1300,74.6800,74.8600,21617
2021-03-26 10:00:00,74.8150,75.0400,74.7300,75.0400,15614
2021-03-26 09:55:00,74.8100,74.8900,74.7150,74.7900,13829
2021-03-26 09:50:00,75.0600,75.0600,74.8000,74.8600,7073
2021-03-26 09:45:00,75.0349,75.2700,75.0349,75.1000,3830
2021-03-26 09:40:00,75.2800,75.3000,74.8500,75.0000,8400
2021-03-26 09:35:00,75.3000,75.5800,75.0900,75.1900,38074
2021-03-26 09:30:00,75.3800,75.5900,75.3700,75.5900,642
2021-03-26 07:05:00,75.5300,75.5300,75.5300,75.5300,426
2021-03-26 04:10:00,75.5300,75.5300,75.5300,75.5300,300
2021-03-25 16:05:00,75.3500,75.3500,75.3500,75.3500,19184
2021-03-25 16:00:00,75.1800,75.3900,75.1500,75.3400,199703
2021-03-25 15:55:00,75.1400,75.3000,75.1300,75.2100,64469
2021-03-25 15:50:00,75.1600,75.1900,75.1100,75.1500,32003
2021-03-25 15:45:00,75.2300,75.2600,75.1300,75.1600,44562
2021-03-25 15:40:00,75.3300,75.3400,75.2100,75.2300,24557
2021-03-25 15:35:00,75.3200,75.3900,75.2600,75.3200,25763
2021-03-25 15:30:00,75.3000,75.4300,75.2500,75.3100,38510
2021-03-25 15:25:00,75.2300,75.3567,75.2300,75.3100,16100
2021-03-25 15:20:00,75.2500,75.2900,75.2200,75.2200,18131
2021-03-25 15:15:00,75.1000,75.2350,75.0700,75.2350,22307
2021-03-25 15:10:00,75.0600,75.1100,75.0000,75.1100,18367
2021-03-25 15:05:00,75.1800,75.1900,75.0400,75.0700,16655
2021-03-25 15:00:00,75.2700,75.2800,75.1400,75.1900,19209
2021-03-25 14:55:00,75.1500,75.2800,75.1500,75.2750,18303
2021-03-25 14:50:00,75.1400,75.1600,75.1075,75.1400,10731
2021-03-25 14:45:00,75.1800,75.2000,75.1100,75.1400,13598
2021-03-25 14:40:00,75.0500,75.1900,74.9600,75.1900,18136
2021-03-25 14:35:00,75.1000,75.1300,75.0100,75.0700,11048
2021-03-25 14:30:00,75.2200,75.2700,75.0900,75.1000,14325
2021-03-25 14:25:00,75.1800,75.2300,75.1550,75.2150,11213
2021-03-25 14:20:00,75.1100,75.1800,75.0400,75.1700,12763
2021-03-25 14:15:00,74.9400,75.1100,74.9400,75.0900,12069
2021-03-25 14:10:00,74.8900,74.9700,74.8750,74.9350,12306
2021-03-25 14:05:00,74.9500,74.9500,74.8650,74.9000,9384
2021-03-25 14:00:00,75.0300,75.0400,74.9300,74.9400,7616
2021-03-25 13:55:00,75.0500,75.0500,74.9400,75.0100,8561
2021-03-25 13:50:00,75.0600,75.1400,75.0200,75.0400,31868
2021-03-25 13:45:00,75.0000,75.1200,75.0000,75.0600,9669
2021-03-25 13:40:00,74.9200,74.9800,74.8700,74.9800,8920
2021-03-25 13:35:00,74.9700,75.0100,74.8901,74.9250,18275
2021-03-25 13:30:00,75.0000,75.0000,74.9100,74.9300,14753
2021-03-25 13:25:00,74.9800,75.0500,74.9700,75.0000,8121
2021-03-25 13:20:00,74.9550,75.0100,74.9000,74.9700,10678
2021-03-25 13:15:00,74.9400,74.9500,74.8350,74.9300,9872
2021-03-25 13:10:00,74.9600,74.9868,74.9200,74.9400,9190
2021-03-25 13:05:00,74.9600,74.9700,74.8700,74.9600,10571
2021-03-25 13:00:00,75.0100,75.0150,74.9200,74.9400,6305
2021-03-25 12:55:00,74.9650,75.0400,74.9500,74.9900,11342
2021-03-25 12:50:00,75.0400,75.0600,74.9700,74.9700,9234
2021-03-25 12:45:00,74.8500,75.0400,74.8500,75.0100,11003
2021-03-25 12:40:00,74.7800,74.8200,74.7100,74.8200,16047
2021-03-25 12:35:00,74.7200,74.8100,74.7200,74.7500,14837
2021-03-25 12:30:00,74.8100,74.9200,74.6800,74.7200,17723
2021-03-25 12:25:00,74.8950,74.8950,74.7800,74.8200,14442
2021-03-25 12:20:00,74.8300,74.9800,74.8200,74.9100,17115
2021-03-25 12:15:00,74.7800,74.8500,74.7800,74.8300,9236
2021-03-25 12:10:00,74.8400,74.8400,74.7200,74.7500,12869
2021-03-25 12:05:00,74.9600,74.9600,74.8000,74.8400,20563
2021-03-25 12:00:00,74.7600,74.9500,74.7600,74.9400,14444
2021-03-25 11:55:00,74.7000,74.8600,74.7000,74.7800,10565
2021-03-25 11:50:00,74.5700,74.7400,74.5300,74.7100,45579
2021-03-25 11:45:00,74.6500,74.7600,74.6250,74.6300,105493
2021-03-25 11:40:00,74.6600,74.7150,74.6400,74.6600,26493
2021-03-25 11:35:00,74.6500,74.6867,74.6100,74.6400,17972
2021-03-25 11:30:00,74.6250,74.6767,74.5600,74.6100,12071
2021-03-25 11:25:00,74.5600,74.6900,74.5000,74.6300,12473
2021-03-25 11:20:00,74.5000,74.6500,74.3900,74.5550,38984
2021-03-25 11:15:00,74.1900,74.5200,74.1650,74.5200,36307
2021-03-25 11:10:00,74.0650,74.2300,74.0650,74.2300,13950
2021-03-25 11:05:00,74.0900,74.1000,73.9400,74.0300,10763
2021-03-25 11:00:00,73.8800,74.1000,73.8000,74.1000,16756
2021-03-25 10:55:00,73.9150,73.9200,73.7600,73.8700,18319
2021-03-25 10:50:00,73.8800,73.9400,73.8500,73.9150,9405
2021-03-25 10:45:00,73.9900,73.9900,73.8400,73.8400,11703
2021-03-25 10:40:00,73.8300,73.9700,73.8300,73.9500,8967
2021-03-25 10:35:00,74.0300,74.0300,73.8300,73.8300,12205
2021-03-25 10:30:00,73.8000,74.0400,73.7400,74.0400,33641
2021-03-25 10:25:00,73.6744,73.8100,73.6400,73.7700,14159
2021-03-25 10:20:00,73.7400,73.7500,73.6200,73.6500,9733
2021-03-25 10:15:00,73.5300,73.7500,73.5090,73.7400,28952
2021-03-25 10:10:00,73.4790,73.5600,73.4100,73.5400,9528
2021-03-25 10:05:00,73.2000,73.4400,73.0100,73.4300,27915
2021-03-25 10:00:00,72.9700,73.2400,72.8700,73.2400,19185
2021-03-25 09:55:00,73.3600,73.3650,72.9700,72.9700,16041
2021-03-25 09:50:00,73.0700,73.4700,73.0700,73.4100,13285
2021-03-25 09:45:00,73.2400,73.3900,73.0900,73.1000,16106
2021-03-25 09:40:00,73.6600,73.6700,73.1700,73.1822,16189
2021-03-25 09:35:00,73.9200,74.1000,73.7000,73.7600,68329
2021-03-25 09:30:00,73.5700,73.9200,73.5700,73.9200,2685
2021-03-24 18:00:00,73.2700,73.2700,73.2700,73.2700,101
2021-03-24 16:50:00,73.3000,73.3000,73.3000,73.3000,1098
2021-03-24 16:20:00,73.4100,73.4100,73.4100,73.4100,833
2021-03-24 16:15:00,73.5700,73.5700,73.5700,73.5700,11080
2021-03-24 16:05:00,73.5700,73.5700,73.5700,73.5700,36208
2021-03-24 16:00:00,73.6000,73.6700,73.5300,73.5600,120134
2021-03-24 15:55:00,73.6300,73.6400,73.5500,73.5900,55509
2021-03-24 15:50:00,73.5200,73.6500,73.5200,73.6400,25871
2021-03-24 15:45:00,73.6600,73.7000,73.4900,73.5200,26274
2021-03-24 15:40:00,73.6250,73.7800,73.6050,73.6800,25293
2021-03-24 15:35:00,73.6700,73.7100,73.6150,73.6250,19143
2021-03-24 15:30:00,73.7200,73.7400,73.6300,73.6900,29744
2021-03-24 15:25:00,73.9100,73.9100,73.7000,73.7300,22142
2021-03-24 15:20:00,73.8900,74.0000,73.8500,73.9000,20199
2021-03-24 15:15:00,73.9150,73.9500,73.8800,73.8850,14868
2021-03-24 15:10:00,73.8910,73.9600,73.8800,73.9156,12508
2021-03-24 15:05:00,73.9000,73.9300,73.7400,73.9100,25027
2021-03-24 15:00:00,73.8600,74.0000,73.8400,73.8750,15858
2021-03-24 14:55:00,73.9500,74.0000,73.8400,73.8650,10887
2021-03-24 14:50:00,73.8700,74.0300,73.8091,73.9700,14437
2021-03-24 14:45:00,73.9600,73.9600,73.8300,73.8800,12312
2021-03-24 14:40:00,73.9760,74.0100,73.8800,73.9300,15307
2021-03-24 14:35:00,74.0600,74.0600,73.9700,73.9850,19384
2021-03-24 14:30:00,74.2250,74.2400,74.0610,74.0700,10934
2021-03-24 14:25:00,74.2500,74.2700,74.1805,74.2300,9870
2021-03-24 14:20:00,74.1600,74.2800,74.1400,74.2400,10857
2021-03-24 14:15:00,74.1600,74.2000,74.1300,74.1400,11365
2021-03-24 14:10:00,74.0600,74.2400,74.0600,74.1600,15250
2021-03-24 14:05:00,73.9300,74.0600,73.9200,74.0600,13933
2021-03-24 14:00:00,73.9350,73.9700,73.9000,73.9300,17029
2021-03-24 13:55:00,73.9399,73.9400,73.9000,73.9100,11967
2021-03-24 13:50:00,73.8400,73.9500,73.8100,73.9250,17674
2021-03-24 13:45:00,73.9100,73.9400,73.8300,73.8600,8629
2021-03-24 13:40:00,73.9200,73.9600,73.8800,73.9200,10381
2021-03-24 13:35:00,73.8700,73.9800,73.8700,73.9200,8951
2021-03-24 13:30:00,73.9200,73.9400,73.8400,73.8550,11728
2021-03-24 13:25:00,73.9000,73.9700,73.8200,73.9273,8459
2021-03-24 13:20:00,74.0000,74.0100,73.8200,73.9100,24672
2021-03-24 13:15:00,74.0000,74.0500,73.9600,74.0300,18977
2021-03-24 13:10:00,74.0400,74.0450,73.9800,73.9900,13094
2021-03-24 13:05:00,74.1000,74.1300,74.0300,74.0400,9746
2021-03-24 13:00:00,74.1900,74.2100,74.0400,74.0700,15139
2021-03-24 12:55:00,74.1500,74.2200,74.1100,74.1900,10926
2021-03-24 12:50:00,74.2800,74.2800,74.1400,74.1400,7454
2021-03-24 12:45:00,74.2409,74.3100,74.2100,74.2850,10326
2021-03-24 12:40:00,74.2900,74.2900,74.2000,74.2400,6689
2021-03-24 12:35:00,74.2600,74.2800,74.1800,74.2600,11643
2021-03-24 12:30:00,74.1400,74.2800,74.1400,74.2200,11590
2021-03-24 12:25:00,74.3300,74.3600,74.1200,74.1500,9333
2021-03-24 12:20:00,74.3500,74.3800,74.3200,74.3400,11219
2021-03-24 12:15:00,74.2550,74.3600,74.2550,74.3500,12403
2021-03-24 12:10:00,74.1600,74.2900,74.1400,74.2700,17317
2021-03-24 12:05:00,73.8200,74.1600,73.7900,74.1600,22029
2021-03-24 12:00:00,73.9300,73.9300,73.7500,73.7700,43029
2021-03-24 11:55:00,73.9700,74.0000,73.9200,73.9400,12980
2021-03-24 11:50:00,73.8250,73.9700,73.8100,73.9700,12024
2021-03-24 11:45:00,73.7500,73.8200,73.7300,73.8200,8728
2021-03-24 11:40:00,73.7900,73.8200,73.7400,73.7700,11215
2021-03-24 11:35:00,73.8900,73.9100,73.7609,73.7900,14752
2021-03-24 11:30:00,73.9500,73.9500,73.8047,73.8700,9089
2021-03-24 11:25:00,74.0100,74.0350,73.8900,73.9600,28849
2021-03-24 11:20:00,74.1100,74.1500,74.0100,74.0250,10909
2021-03-24 11:15:00,74.0000,74.1300,73.9900,74.1000,17160
2021-03-24 11:10:00,74.0200,74.0200,73.9000,73.9600,14200
2021-03-24 11:05:00,73.9100,74.0100,73.8600,73.9900,20878
2021-03-24 11:00:00,73.8100,73.8900,73.6900,73.8650,24913
2021-03-24 10:55:00,73.8399,73.9800,73.8000,73.8000,19044
2021-03-24 10:50:00,73.8400,73.8600,73.7000,73.8500,35311
2021-03-24 10:45:00,73.8700,73.9300,73.7874,73.8300,29172
2021-03-24 10:40:00,73.8800,73.9600,73.8500,73.8700,11996
2021-03-24 10:35:00,73.8500,73.9400,73.7800,73.8500,11140
2021-03-24 10:30:00,73.7300,73.8400,73.7200,73.7800,9945
2021-03-24 10:25:00,73.8100,73.8700,73.7500,73.7600,9857
2021-03-24 10:20:00,73.9900,74.0075,73.7200,73.8200,11662
2021-03-24 10:15:00,73.8100,74.1200,73.8100,73.9700,15076
2021-03-24 10:10:00,73.6900,73.8300,73.6900,73.7900,19249
2021-03-24 10:05:00,73.4550,73.8000,73.4550,73.7150,22836
2021-03-24 10:00:00,73.2000,73.5300,73.1900,73.4200,20191
2021-03-24 09:55:00,73.2300,73.3100,73.1900,73.2050,13031
2021-03-24 09:50:00,73.1500,73.3300,73.1500,73.2800,12124
2021-03-24 09:45:00,73.1800,73.3400,73.1700,73.1900,25395
2021-03-24 09:40:00,72.8600,73.1700,72.7500,73.1700,19727
2021-03-24 09:35:00,73.1100,73.2450,72.7100,72.8937,92958
2021-03-24 09:30:00,73.3200,73.3200,73.3100,73.3100,592
2021-03-24 09:10:00,74.0900,74.0900,74.0900,74.0900,200
2021-03-24 08:05:00,73.7500,73.7500,73.4100,73.4100,304
2021-03-23 20:00:00,73.4100,73.4100,73.4100,73.4100,143
2021-03-23 19:50:00,73.4500,73.4500,73.4500,73.4500,300
2021-03-23 18:05:00,73.4000,73.4000,73.4000,73.4000,200
2021-03-23 17:30:00,73.8900,73.8900,73.8900,73.8900,100
2021-03-23 16:30:00,73.4800,73.4800,73.4800,73.4800,100
2021-03-23 16:10:00,73.4100,73.4100,73.4100,73.4100,2962
2021-03-23 16:05:00,73.4100,73.4100,73.4100,73.4100,41876
2021-03-23 16:00:00,73.3400,73.4500,73.3300,73.4000,143587
2021-03-23 15:55:00,73.2500,73.3600,73.1900,73.3500,99346
2021-03-23 15:50:00,73.2100,73.3800,73.2100,73.2800,64353
2021-03-23 15:45:00,73.2550,73.3500,73.2000,73.2050,47419
2021-03-23 15:40:00,73.1400,73.2600,73.1150,73.2600,43962
2021-03-23 15:35:00,73.1800,73.1800,73.1000,73.1450,33815
2021-03-23 15:30:00,73.1100,73.3100,73.0700,73.1800,28948
2021-03-23 15:25:00,73.2500,73.2900,73.1000,73.1100,33664
2021-03-23 15:20:00,73.2700,73.3850,73.1900,73.2700,43078
2021-03-23 15:15:00,73.4500,73.4500,73.2800,73.2900,27306
2021-03-23 15:10:00,73.5100,73.5200,73.4200,73.4400,26272
2021-03-23 15:05:00,73.4900,73.5900,73.4900,73.5100,33421
2021-03-23 15:00:00,73.6000,73.6400,73.5000,73.5000,15738
2021-03-23 14:55:00,73.6100,73.7500,73.5900,73.5900,17796
2021-03-23 14:50:00,73.6200,73.6400,73.5800,73.6200,14448
2021-03-23 14:45:00,73.6000,73.6500,73.5600,73.6200,14096
2021-03-23 14:40:00,73.6300,73.6300,73.5300,73.6100,22889
2021-03-23 14:35:00,73.6100,73.6600,73.5400,73.6600,19402
2021-03-23 14:30:00,73.7300,73.7300,73.5500,73.6000,20530
2021-03-23 14:25:00,73.7000,73.7497,73.6800,73.7250,21008
2021-03-23 14:20:00,73.8500,73.8500,73.7000,73.7000,11370
2021-03-23 14:15:00,73.9200,73.9200,73.8400,73.8800,15977
2021-03-23 14:10:00,73.8500,73.9300,73.8100,73.9300,15781
2021-03-23 14:05:00,73.8000,73.8550,73.6400,73.8170,23522
2021-03-23 14:00:00,73.8700,73.8950,73.8200,73.8200,38693
2021-03-23 13:55:00,73.8700,73.9000,73.8400,73.8800,15239
2021-03-23 13:50:00,73.8700,73.8900,73.8400,73.8600,30338
2021-03-23 13:45:00,73.9600,73.9700,73.8500,73.8500,11679
2021-03-23 13:40:00,74.0400,74.0900,73.9600,73.9600,13087
2021-03-23 13:35:00,74.0100,74.1623,74.0000,74.0058,12567
2021-03-23 13:30:00,73.9800,74.0900,73.9400,74.0250,13582
2021-03-23 13:25:00,74.0100,74.0100,73.9200,73.9700,8325
2021-03-23 13:20:00,73.9100,74.0600,73.9000,74.0000,11881
2021-03-23 13:15:00,73.8700,73.8950,73.8400,73.8900,23983
2021-03-23 13:10:00,73.8900,73.9200,73.8600,73.8700,10686
2021-03-23 13:05:00,73.8100,73.9000,73.8100,73.9000,11488
2021-03-23 13:00:00,73.7900,73.8761,73.7700,73.8200,13408
2021-03-23 12:55:00,73.8750,73.8750,73.7400,73.7900,14646
2021-03-23 12:50:00,73.8300,73.9400,73.8300,73.8700,17465
2021-03-23 12:45:00,73.8800,73.9200,73.8300,73.8450,12752
2021-03-23 12:40:00,73.9650,73.9700,73.8500,73.9000,13490
2021-03-23 12:35:00,73.7150,73.9800,73.7150,73.9300,18995
2021-03-23 12:30:00,73.8300,73.8321,73.6700,73.7100,27362
2021-03-23 12:25:00,73.9600,73.9600,73.7600,73.8300,32844
2021-03-23 12:20:00,73.9700,74.0500,73.9500,73.9750,12096
2021-03-23 12:15:00,73.9700,74.0100,73.9500,73.9700,18133
2021-03-23 12:10:00,74.1800,74.1900,73.9500,73.9500,23189
2021-03-23 12:05:00,74.2300,74.2900,74.1600,74.1600,13858
2021-03-23 12:00:00,74.2000,74.3500,74.1500,74.2100,17473
2021-03-23 11:55:00,74.1400,74.2500,74.0500,74.2100,17575
2021-03-23 11:50:00,74.2000,74.2750,74.1000,74.1000,10537
2021-03-23 11:45:00,74.2750,74.2795,74.1900,74.1900,11482
2021-03-23 11:40:00,74.4000,74.4100,74.2600,74.2740,8170
2021-03-23 11:35:00,74.4200,74.4400,74.2900,74.4100,35943
2021-03-23 11:30:00,74.4300,74.4300,74.3200,74.4200,13579
2021-03-23 11:25:00,74.2400,74.4400,74.2250,74.4300,13149
2021-03-23 11:20:00,74.2040,74.3300,74.1850,74.2599,15672
2021-03-23 11:15:00,74.0500,74.3000,74.0400,74.2390,11210
2021-03-23 11:10:00,74.1900,74.2200,74.0200,74.0500,22160
2021-03-23 11:05:00,74.1500,74.3700,74.1500,74.1800,22137
2021-03-23 11:00:00,74.1600,74.1800,74.0500,74.1495,22111
2021-03-23 10:55:00,74.1200,74.2200,74.0600,74.2000,21783
2021-03-23 10:50:00,74.1800,74.1900,73.9500,74.1004,77297
2021-03-23 10:45:00,74.3050,74.3050,74.1300,74.1800,22014
2021-03-23 10:40:00,74.4700,74.4700,74.2304,74.3200,39613
2021-03-23 10:35:00,74.6500,74.6500,74.4000,74.5000,35871
2021-03-23 10:30:00,74.9200,74.9300,74.6325,74.6325,21874
2021-03-23 10:25:00,74.9400,75.0400,74.9000,74.9000,11661
2021-03-23 10:20:00,74.8117,74.9500,74.8100,74.9100,11754
2021-03-23 10:15:00,75.2400,75.2700,74.7900,74.8300,32948
2021-03-23 10:10:00,75.0200,75.2400,74.9900,75.2300,26169
2021-03-23 10:05:00,75.1400,75.1900,75.0217,75.0700,16529
2021-03-23 10:00:00,75.1450,75.2300,75.1400,75.1800,6997
2021-03-23 09:55:00,75.1550,75.6200,75.1100,75.1589,28035
2021-03-23 09:50:00,75.1200,75.3265,75.0900,75.1550,7645
2021-03-23 09:45:00,75.0700,75.1300,74.8600,75.0600,15330
2021-03-23 09:40:00,75.3100,75.3100,74.9106,75.0900,36609
2021-03-23 09:35:00,75.6200,75.6300,75.2700,75.3100,91163
2021-03-23 09:30:00,75.6700,75.7800,75.6700,75.7500,1577
2021-03-23 07:05:00,74.8400,74.8400,74.8400,74.8400,120
2021-03-22 16:20:00,75.1300,75.1300,75.1300,75.1300,101
2021-03-22 16:10:00,75.4700,75.4700,75.4700,75.4700,11080
2021-03-22 16:05:00,75.4700,75.4700,75.4700,75.4700,34747
2021-03-22 16:00:00,75.3650,75.4900,75.3500,75.4700,111765
2021-03-22 15:55:00,75.1900,75.3600,75.1900,75.3500,49323
2021-03-22 15:50:00,75.1900,75.2900,75.1900,75.2100,43096
2021-03-22 15:45:00,75.2200,75.2200,75.1200,75.1817,64240
2021-03-22 15:40:00,75.2100,75.2300,75.1200,75.2300,41681
2021-03-22 15:35:00,75.2400,75.3000,75.2000,75.2200,27546
2021-03-22 15:30:00,75.1300,75.2450,75.0800,75.2450,20724
2021-03-22 15:25:00,75.1500,75.2000,75.0800,75.1400,17996
2021-03-22 15:20:00,75.1700,75.1800,75.1200,75.1350,16602
2021-03-22 15:15:00,75.1000,75.1900,75.1000,75.1700,10035
2021-03-22 15:10:00,75.1400,75.1500,75.0400,75.1000,19820
2021-03-22 15:05:00,75.1400,75.1400,75.0400,75.1300,33169
2021-03-22 15:00:00,75.1400,75.2000,75.0900,75.1400,19670
2021-03-22 14:55:00,75.4000,75.4000,75.1100,75.1400,14802
2021-03-22 14:50:00,75.4750,75.4750,75.3700,75.3700,15767
2021-03-22 14:45:00,75.4950,75.5100,75.4200,75.4900,9824
2021-03-22 14:40:00,75.3400,75.5100,75.3400,75.5100,17119
2021-03-22 14:35:00,75.3035,75.3800,75.3035,75.3640,5845
2021-03-22 14:30:00,75.2900,75.3400,75.2700,75.3100,7374
2021-03-22 14:25:00,75.3000,75.3200,75.2500,75.2750,11525
2021-03-22 14:20:00,75.2500,75.3200,75.2300,75.3200,10569
2021-03-22 14:15:00,75.2700,75.2799,75.2278,75.2300,7780
2021-03-22 14:10:00,75.1800,75.3500,75.1800,75.2600,14947
2021-03-22 14:05:00,75.1926,75.2500,75.1700,75.2000,8097
2021-03-22 14:00:00,75.2300,75.2600,75.1700,75.1700,8980
2021-03-22 13:55:00,75.2400,75.2500,75.2150,75.2150,7517
2021-03-22 13:50:00,75.1800,75.2400,75.1800,75.2400,5151
2021-03-22 13:45:00,75.1700,75.2800,75.1500,75.2100,11712
2021-03-22 13:40:00,75.2300,75.2300,75.1600,75.2057,8508
2021-03-22 13:35:00,75.2600,75.3100,75.2300,75.2400,10289
2021-03-22 13:30:00,75.1900,75.2800,75.1900,75.2800,8594
2021-03-22 13:25:00,75.1900,75.2200,75.1400,75.1800,9667
2021-03-22 13:20:00,75.1800,75.2500,75.1500,75.2100,30638
2021-03-22 13:15:00,75.1600,75.1800,75.1175,75.1799,8010
2021-03-22 13:10:00,75.1200,75.1800,75.0800,75.1700,12516
2021-03-22 13:05:00,75.2400,75.2400,75.1000,75.1000,13976
2021-03-22 13:00:00,75.3400,75.3550,75.1950,75.2300,16833
2021-03-22 12:55:00,75.2850,75.3600,75.2500,75.3400,14585
2021-03-22 12:50:00,75.1400,75.2931,75.1300,75.2850,12697
2021-03-22 12:45:00,75.2250,75.2250,75.0850,75.1300,18378
2021-03-22 12:40:00,75.1300,75.3000,75.1300,75.2250,21186
2021-03-22 12:35:00,74.9800,75.1350,74.9600,75.1350,10890
2021-03-22 12:30:00,74.9500,75.0100,74.9200,74.9700,15138
2021-03-22 12:25:00,75.0500,75.0700,74.9200,74.9350,10214
2021-03-22 12:20:00,75.0550,75.0750,75.0000,75.0600,14528
2021-03-22 12:15:00,75.0600,75.0700,75.0100,75.0700,13531
2021-03-22 12:10:00,75.0738,75.1100,75.0100,75.0400,9229
2021-03-22 12:05:00,75.0400,75.1700,75.0400,75.0800,16760
2021-03-22 12:00:00,74.8900,75.0500,74.8900,75.0200,11976
2021-03-22 11:55:00,75.0000,75.0099,74.8700,74.9000,14962
2021-03-22 11:50:00,75.0950,75.0950,74.9800,74.9900,19120
2021-03-22 11:45:00,75.0700,75.0900,74.9900,75.0900,14639
2021-03-22 11:40:00,75.0000,75.1300,75.0000,75.0727,14282
2021-03-22 11:35:00,75.0300,75.0500,74.9700,75.0000,9796
2021-03-22 11:30:00,75.0100,75.0600,74.9500,75.0000,11865
2021-03-22 11:25:00,75.0900,75.1100,74.9800,74.9950,10123
2021-03-22 11:20:00,75.1600,75.1800,75.0850,75.0850,5988
2021-03-22 11:15:00,75.2800,75.2900,75.1000,75.1800,23274
2021-03-22 11:10:00,75.3800,75.4200,75.2900,75.3000,21467
2021-03-22 11:05:00,75.2800,75.4100,75.2620,75.4000,14963
2021-03-22 11:00:00,75.1600,75.3400,75.1600,75.2800,38317
2021-03-22 10:55:00,75.2600,75.2600,75.1500,75.1700,10515
2021-03-22 10:50:00,75.1800,75.3220,75.1100,75.2488,10978
2021-03-22 10:45:00,75.1800,75.2200,75.1200,75.2200,6103
2021-03-22 10:40:00,75.2500,75.2599,75.1300,75.2050,14019
2021-03-22 10:35:00,74.9900,75.3649,74.9900,75.2650,18120
2021-03-22 10:30:00,74.9400,75.0400,74.9300,74.9600,28167
2021-03-22 10:25:00,75.1200,75.1400,74.8800,74.9100,33008
2021-03-22 10:20:00,75.3900,75.3900,75.0627,75.1699,51703
2021-03-22 10:15:00,75.2600,75.4400,75.1400,75.4400,36617
2021-03-22 10:10:00,75.6050,75.6200,75.2600,75.2900,36154
2021-03-22 10:05:00,75.7700,75.7900,75.5100,75.6050,40966
2021-03-22 10:00:00,75.6600,75.9100,75.6500,75.7400,17711
2021-03-22 09:55:00,75.9671,76.0000,75.6600,75.7100,13261
2021-03-22 09:50:00,75.9500,76.0050,75.7500,75.9700,22443
2021-03-22 09:45:00,75.8900,75.9300,75.7503,75.8900,21764
2021-03-22 09:40:00,75.8300,75.9700,75.6200,75.9700,22457
2021-03-22 09:35:00,76.3600,76.4300,75.6800,75.7650,117641
2021-03-22 09:30:00,75.9300,76.0300,75.8600,75.9000,2725
2021-03-22 09:00:00,76.6000,76.6000,76.6000,76.6000,155
2021-03-22 08:15:00,76.7500,76.7500,76.7500,76.7500,179
2021-03-22 07:55:00,76.3800,76.3800,76.3800,76.3800,158
2021-03-22 07:15:00,76.3800,76.3800,76.3800,76.3800,163
2021-03-19 18:15:00,76.4000,76.4000,76.4000,76.4000,300
2021-03-19 17:15:00,76.7500,76.7500,76.7500,76.7500,133
2021-03-19 16:10:00,76.7500,76.7500,76.7500,76.7500,150568
2021-03-19 16:05:00,76.7500,76.7500,76.7500,76.7500,68229
2021-03-19 16:00:00,76.6000,76.8700,76.4000,76.7500,507854
2021-03-19 15:55:00,76.4900,76.8000,76.4800,76.6150,108386
2021-03-19 15:50:00,76.4950,76.7100,76.3800,76.4400,266240
2021-03-19 15:45:00,76.9250,76.9250,76.4600,76.5000,133832
2021-03-19 15:40:00,76.9200,77.0000,76.9200,76.9300,43366
2021-03-19 15:35:00,77.0100,77.0320,76.8350,76.9200,32055
2021-03-19 15:30:00,76.9500,77.0100,76.9450,77.0000,18926
2021-03-19 15:25:00,76.9700,76.9800,76.9000,76.9700,19887
2021-03-19 15:20:00,77.0600,77.0800,76.9400,76.9450,21503
2021-03-19 15:15:00,77.0550,77.1400,77.0550,77.0700,19552
2021-03-19 15:10:00,77.0700,77.1200,77.0400,77.0800,14650
2021-03-19 15:05:00,77.2400,77.2500,77.0750,77.0800,13517
2021-03-19 15:00:00,77.0800,77.2400,77.0750,77.2400,16193
2021-03-19 14:55:00,77.2000,77.2000,77.0600,77.0800,12254
2021-03-19 14:50:00,77.1300,77.2700,77.1300,77.2150,15606
2021-03-19 14:45:00,77.0300,77.1170,77.0300,77.1170,10318
2021-03-19 14:40:00,76.8700,77.0300,76.8600,77.0300,16315
2021-03-19 14:35:00,76.8800,76.9300,76.8500,76.8800,15602
2021-03-19 14:30:00,76.8300,76.8900,76.8200,76.8900,10886
2021-03-19 14:25:00,76.8700,76.8700,76.7600,76.8300,12845
2021-03-19 14:20:00,76.9650,76.9800,76.8500,76.8700,13473
2021-03-19 14:15:00,77.0200,77.0250,76.9500,76.9600,12057
2021-03-19 14:10:00,77.0400,77.1000,77.0100,77.0300,20939
2021-03-19 14:05:00,77.1500,77.1950,77.0150,77.0350,16162
2021-03-19 14:00:00,77.1700,77.1700,77.1250,77.1450,11042
2021-03-19 13:55:00,77.1800,77.2400,77.1600,77.1800,16484
2021-03-19 13:50:00,77.1600,77.1850,77.1200,77.1850,24636
2021-03-19 13:45:00,77.1400,77.1700,77.1100,77.1500,12884
2021-03-19 13:40:00,77.1200,77.1650,77.0900,77.1500,20895
2021-03-19 13:35:00,77.1500,77.1700,77.1000,77.1300,11780
2021-03-19 13:30:00,77.1450,77.2100,77.1400,77.1599,13674
2021-03-19 13:25:00,77.0950,77.1550,77.0800,77.1500,7246
2021-03-19 13:20:00,77.1000,77.1400,77.0500,77.0900,9355
2021-03-19 13:15:00,77.1000,77.1100,77.0538,77.1000,7780
2021-03-19 13:10:00,77.1300,77.1400,77.0900,77.1150,6987
2021-03-19 13:05:00,77.2600,77.2600,77.1450,77.1450,10049
2021-03-19 13:00:00,77.2500,77.2700,77.1800,77.2450,10001
2021-03-19 12:55:00,77.1900,77.2700,77.1900,77.2500,6747
2021-03-19 12:50:00,77.1800,77.2200,77.1800,77.2036,7877
2021-03-19 12:45:00,77.1400,77.1800,77.1200,77.1800,9147
2021-03-19 12:40:00,77.2000,77.2400,77.1200,77.1300,7398
2021-03-19 12:35:00,77.1700,77.2100,77.1400,77.2100,8816
2021-03-19 12:30:00,77.0950,77.2000,77.0500,77.1600,10398
2021-03-19 12:25:00,77.1000,77.1200,77.0500,77.0900,19378
2021-03-19 12:20:00,76.9300,77.1400,76.9300,77.1400,11057
2021-03-19 12:15:00,76.9300,76.9600,76.8900,76.9200,8829
2021-03-19 12:10:00,77.0000,77.0042,76.9100,76.9400,9545
2021-03-19 12:05:00,77.0000,77.0800,77.0000,77.0100,8903
2021-03-19 12:00:00,77.1400,77.1400,77.0100,77.0100,11956
2021-03-19 11:55:00,77.1000,77.1400,77.0400,77.1200,11696
2021-03-19 11:50:00,76.9950,77.1100,76.9950,77.1000,11782
2021-03-19 11:45:00,76.8750,77.0200,76.8750,76.9900,15088
2021-03-19 11:40:00,76.9300,76.9800,76.8800,76.8800,8938
2021-03-19 11:35:00,76.7500,76.9000,76.7500,76.9000,17309
2021-03-19 11:30:00,76.8900,76.8900,76.7050,76.7600,10462
2021-03-19 11:25:00,76.7750,76.9100,76.7500,76.9000,11761
2021-03-19 11:20:00,76.7000,76.7600,76.6800,76.7500,8415
2021-03-19 11:15:00,76.9000,76.9100,76.7100,76.7200,11045
2021-03-19 11:10:00,76.8000,76.9100,76.8000,76.8900,8260
2021-03-19 11:05:00,76.9000,76.9200,76.7800,76.8050,8681
2021-03-19 11:00:00,76.8700,76.8700,76.6600,76.8200,12346
2021-03-19 10:55:00,77.0000,77.0150,76.8600,76.8600,9591
2021-03-19 10:50:00,76.7200,76.9800,76.7200,76.9800,9743
2021-03-19 10:45:00,76.5400,76.7250,76.5200,76.7250,10113
2021-03-19 10:40:00,76.7400,76.7400,76.4500,76.5500,38977
2021-03-19 10:35:00,76.9100,76.9300,76.7000,76.7400,11099
2021-03-19 10:30:00,76.9400,76.9650,76.8600,76.8800,6664
2021-03-19 10:25:00,77.0300,77.0550,76.8700,76.9200,7115
2021-03-19 10:20:00,76.8528,77.0250,76.8150,77.0000,12243
2021-03-19 10:15:00,76.8800,76.9032,76.7300,76.8700,14505
2021-03-19 10:10:00,76.9200,76.9500,76.8000,76.8700,14416
2021-03-19 10:05:00,76.7400,76.9500,76.7300,76.9500,15277
2021-03-19 10:00:00,76.6500,76.7700,76.5800,76.7700,10852
2021-03-19 09:55:00,76.2700,76.6200,76.2700,76.6200,16695
2021-03-19 09:50:00,76.6700,76.6700,76.2100,76.2650,13603
2021-03-19 09:45:00,76.5700,76.7600,76.3500,76.6500,15879
2021-03-19 09:40:00,76.8000,76.8200,76.4300,76.6506,53418
2021-03-19 09:35:00,76.4700,76.8900,76.3700,76.8900,434255
2021-03-19 09:30:00,76.5700,76.5700,76.1700,76.1700,950
2021-03-19 09:25:00,76.3301,76.3301,76.3301,76.3301,100
2021-03-18 16:05:00,76.9300,76.9300,76.7000,76.7000,26277
2021-03-18 16:00:00,76.8600,76.9500,76.8200,76.9400,117288
2021-03-18 15:55:00,76.8100,76.9000,76.7400,76.8600,68797
2021-03-18 15:50:00,76.8900,76.9100,76.7300,76.7600,42634
2021-03-18 15:45:00,76.8500,76.9200,76.8200,76.8700,60312
2021-03-18 15:40:00,76.8100,76.9100,76.7700,76.8400,31845
2021-03-18 15:35:00,77.0050,77.0600,76.7800,76.7800,23979
2021-03-18 15:30:00,76.8500,76.9900,76.8300,76.9800,17256
2021-03-18 15:25:00,76.9200,76.9300,76.8350,76.8400,12627
2021-03-18 15:20:00,76.9450,76.9450,76.8300,76.9100,17339
2021-03-18 15:15:00,76.8750,76.9600,76.8250,76.9500,15595
2021-03-18 15:10:00,76.8550,76.8900,76.7528,76.8900,16444
2021-03-18 15:05:00,77.0200,77.0200,76.8200,76.8600,10584
2021-03-18 15:00:00,77.0200,77.0700,77.0100,77.0200,8523
2021-03-18 14:55:00,77.0900,77.1100,77.0100,77.0100,12431
2021-03-18 14:50:00,76.8200,77.0700,76.8200,77.0600,14172
2021-03-18 14:45:00,76.8517,76.8517,76.7074,76.8300,14110
2021-03-18 14:40:00,77.0400,77.0400,76.8900,76.9100,17715
2021-03-18 14:35:00,77.1850,77.2100,77.1100,77.1100,17477
2021-03-18 14:30:00,77.1350,77.2100,77.1300,77.1950,15550
2021-03-18 14:25:00,77.0700,77.1500,77.0100,77.1400,15344
2021-03-18 14:20:00,77.2000,77.2000,77.0700,77.0800,11104
2021-03-18 14:15:00,77.2700,77.2700,77.1500,77.1900,8578
2021-03-18 14:10:00,77.2650,77.3600,77.2400,77.2443,14812
2021-03-18 14:05:00,77.2700,77.3100,77.2400,77.2650,13559
2021-03-18 14:00:00,77.3050,77.3050,77.2300,77.2600,7025
2021-03-18 13:55:00,77.2500,77.3500,77.2418,77.2920,12610
2021-03-18 13:50:00,77.2700,77.2800,77.1544,77.2200,11471
2021-03-18 13:45:00,77.2000,77.3200,77.1900,77.2500,10434
2021-03-18 13:40:00,77.1800,77.2300,77.1600,77.2100,7947
2021-03-18 13:35:00,77.1350,77.2000,77.0800,77.2000,8711
2021-03-18 13:30:00,77.1700,77.2900,77.1203,77.1203,9779
2021-03-18 13:25:00,76.9750,77.2200,76.9750,77.1800,11306
2021-03-18 13:20:00,76.9700,77.0000,76.9400,76.9800,9196
2021-03-18 13:15:00,76.9800,77.0000,76.9400,76.9500,8562
2021-03-18 13:10:00,77.0937,77.1250,76.9800,76.9800,13231
2021-03-18 13:05:00,77.1200,77.1350,77.0700,77.1000,5784
2021-03-18 13:00:00,77.0600,77.0900,76.9800,77.0900,10910
2021-03-18 12:55:00,77.1200,77.1600,77.0480,77.0500,6964
2021-03-18 12:50:00,77.1200,77.1800,77.0900,77.1300,9429
2021-03-18 12:45:00,77.0600,77.0900,77.0200,77.0750,6907
2021-03-18 12:40:00,77.0650,77.1100,77.0100,77.0500,7286
2021-03-18 12:35:00,77.0900,77.1600,77.0800,77.0800,8982
2021-03-18 12:30:00,77.0400,77.0800,77.0100,77.0700,14180
2021-03-18 12:25:00,77.2903,77.2903,77.0100,77.0600,10437
2021-03-18 12:20:00,77.2500,77.2500,77.1700,77.2300,9834
2021-03-18 12:15:00,77.3100,77.3300,77.2600,77.2600,6482
2021-03-18 12:10:00,77.2900,77.3500,77.2554,77.3250,7917
2021-03-18 12:05:00,77.2500,77.3200,77.2400,77.2468,6917
2021-03-18 12:00:00,77.1900,77.2600,77.1810,77.2200,7194
2021-03-18 11:55:00,77.0539,77.2400,77.0539,77.1800,11185
2021-03-18 11:50:00,76.9800,77.1500,76.9500,77.0650,7779
2021-03-18 11:45:00,77.1400,77.1500,76.9300,76.9800,11939
2021-03-18 11:40:00,77.1350,77.1700,77.0500,77.1300,8023
2021-03-18 11:35:00,77.1400,77.1650,77.0800,77.1300,8078
2021-03-18 11:30:00,77.3200,77.3200,77.0710,77.0900,18477
2021-03-18 11:25:00,77.1000,78.1400,77.0500,77.3500,58105
2021-03-18 11:20:00,77.0648,77.1500,77.0100,77.0800,10230
2021-03-18 11:15:00,76.9900,77.0500,76.9200,77.0500,10827
2021-03-18 11:10:00,76.8400,76.9900,76.7800,76.9700,9520
2021-03-18 11:05:00,76.8600,76.9400,76.8300,76.8600,8653
2021-03-18 11:00:00,76.7200,76.8300,76.6600,76.8300,29760
2021-03-18 10:55:00,76.8600,76.8600,76.6600,76.6800,16738
2021-03-18 10:50:00,76.9450,76.9800,76.8300,76.8400,22117
2021-03-18 10:45:00,77.0093,77.0250,76.9250,76.9300,16478
2021-03-18 10:40:00,77.0400,77.1400,77.0000,77.0000,25744
2021-03-18 10:35:00,77.0600,77.0700,77.0100,77.0200,19468
2021-03-18 10:30:00,77.0210,77.1000,77.0000,77.0800,14030
2021-03-18 10:25:00,77.0450,77.0700,77.0000,77.0210,13432
2021-03-18 10:20:00,77.0100,77.0700,76.9250,77.0500,26972
2021-03-18 10:15:00,77.4000,77.4000,77.0100,77.0200,30966
2021-03-18 10:10:00,77.2600,77.3800,77.1800,77.3696,18034
2021-03-18 10:05:00,77.0750,77.3300,77.0750,77.2600,75305
2021-03-18 10:00:00,77.0600,77.1400,77.0000,77.0750,30854
2021-03-18 09:55:00,77.0200,77.1100,76.9359,77.0500,29206
2021-03-18 09:50:00,77.2750,77.2800,76.9300,77.0200,23111
2021-03-18 09:45:00,76.7650,77.3300,76.7650,77.2750,65870
2021-03-18 09:40:00,76.6050,76.7800,76.5500,76.7450,21309
2021-03-18 09:35:00,76.4300,76.6500,76.3700,76.6000,51797
2021-03-18 07:15:00,76.6000,76.6000,76.6000,76.6000,100
2021-03-18 07:05:00,76.4500,76.4500,76.4500,76.4500,202
2021-03-18 05:25:00,76.3900,76.3900,76.3900,76.3900,212
2021-03-17 17:40:00,76.4200,76.4200,76.4200,76.4200,500
2021-03-17 16:20:00,76.3800,76.3800,76.3800,76.3800,1661
2021-03-17 16:10:00,76.3800,76.3800,76.3800,76.3800,1579
2021-03-17 16:05:00,76.3800,76.3800,76.3800,76.3800,40586
2021-03-17 16:00:00,76.4500,76.5500,76.3600,76.3800,104310
2021-03-17 15:55:00,76.4800,76.4900,76.3700,76.4500,54527
2021-03-17 15:50:00,76.4500,76.5050,76.3900,76.4900,26219
2021-03-17 15:45:00,76.5000,76.5700,76.4200,76.4300,36512
2021-03-17 15:40:00,76.2900,76.5100,76.2700,76.5000,25621
2021-03-17 15:35:00,76.1300,76.3600,76.1300,76.2900,27787
2021-03-17 15:30:00,76.0050,76.1550,75.9900,76.1200,20234
2021-03-17 15:25:00,75.9300,76.0200,75.9300,76.0050,18544
2021-03-17 15:20:00,76.0500,76.1200,75.9350,75.9400,36972
2021-03-17 15:15:00,76.1000,76.1050,76.0200,76.0400,12929
2021-03-17 15:10:00,76.1100,76.1573,76.0500,76.1100,17591
2021-03-17 15:05:00,76.1400,76.2100,76.0800,76.1100,17584
2021-03-17 15:00:00,76.2300,76.2600,76.1200,76.1200,18971
2021-03-17 14:55:00,76.3100,76.3200,76.2200,76.2400,15114
2021-03-17 14:50:00,76.4700,76.4700,76.3000,76.3300,15561
2021-03-17 14:45:00,76.3900,76.5000,76.3400,76.4500,10736
2021-03-17 14:40:00,76.2000,76.3817,76.1600,76.3817,23200
2021-03-17 14:35:00,76.2700,76.3000,76.2000,76.2000,25915
2021-03-17 14:30:00,76.3700,76.4200,76.2800,76.2800,10760
2021-03-17 14:25:00,76.3250,76.3500,76.2800,76.3400,8670
2021-03-17 14:20:00,76.3750,76.4336,76.2600,76.3100,8998
2021-03-17 14:15:00,76.4550,76.5650,76.3500,76.3700,10656
2021-03-17 14:10:00,76.4500,76.5200,76.3800,76.4550,12341
2021-03-17 14:05:00,76.3600,76.7000,76.3600,76.4800,30420
2021-03-17 14:00:00,76.3200,76.3800,76.3200,76.3500,7605
2021-03-17 13:55:00,76.3700,76.3900,76.3300,76.3350,7713
2021-03-17 13:50:00,76.4400,76.4400,76.3503,76.3800,6687
2021-03-17 13:45:00,76.4368,76.5150,76.4100,76.4300,9203
2021-03-17 13:40:00,76.3800,76.4600,76.3800,76.4300,4950
2021-03-17 13:35:00,76.4350,76.4350,76.3400,76.3700,17448
2021-03-17 13:30:00,76.4300,76.4300,76.3700,76.4300,12398
2021-03-17 13:25:00,76.3800,76.4700,76.3700,76.4500,8199
2021-03-17 13:20:00,76.4300,76.4550,76.3950,76.3950,8133
2021-03-17 13:15:00,76.4000,76.4400,76.3850,76.4400,5559
2021-03-17 13:10:00,76.4800,76.5000,76.3600,76.3700,8285
2021-03-17 13:05:00,76.5000,76.5100,76.3700,76.4600,11551
2021-03-17 13:00:00,76.2800,76.4700,76.2800,76.4700,9149
2021-03-17 12:55:00,76.3433,76.3699,76.2600,76.2800,22847
2021-03-17 12:50:00,76.4000,76.4300,76.3600,76.3600,19727
2021-03-17 12:45:00,76.3700,76.4000,76.3400,76.3900,4521
2021-03-17 12:40:00,76.3742,76.4000,76.3500,76.3700,8649
2021-03-17 12:35:00,76.5100,76.5100,76.3400,76.3600,8867
2021-03-17 12:30:00,76.3700,76.5100,76.3700,76.5100,5783
2021-03-17 12:25:00,76.5300,76.5550,76.3900,76.4042,8286
2021-03-17 12:20:00,76.6310,76.6450,76.5200,76.5200,6477
2021-03-17 12:15:00,76.6350,76.6640,76.5900,76.6400,9110
2021-03-17 12:10:00,76.6400,76.6600,76.5900,76.6350,8696
2021-03-17 12:05:00,76.4900,76.6450,76.4900,76.6450,12992
2021-03-17 12:00:00,76.4500,76.5900,76.4200,76.5000,7438
2021-03-17 11:55:00,76.4100,76.5300,76.4100,76.4500,12456
2021-03-17 11:50:00,76.4400,76.4400,76.3300,76.4300,14039
2021-03-17 11:45:00,76.3650,76.5800,76.3300,76.4600,17129
2021-03-17 11:40:00,76.3200,76.4000,76.3200,76.3700,12791
2021-03-17 11:35:00,76.2200,76.3000,76.2147,76.3000,6533
2021-03-17 11:30:00,76.1400,76.2150,76.0700,76.2150,8774
2021-03-17 11:25:00,76.2300,76.2300,76.1400,76.1400,8969
2021-03-17 11:20:00,76.3800,76.3800,76.2250,76.2250,6018
2021-03-17 11:15:00,76.2700,76.4300,76.2700,76.3700,9589
2021-03-17 11:10:00,76.5400,76.5900,76.2361,76.2361,10774
2021-03-17 11:05:00,76.4450,76.7000,76.4450,76.5700,46278
2021-03-17 11:00:00,76.4200,76.4400,76.3600,76.4400,13489
2021-03-17 10:55:00,76.2401,76.4500,76.2400,76.4500,19160
2021-03-17 10:50:00,76.3200,76.3500,76.2600,76.2600,15524
2021-03-17 10:45:00,76.4300,76.5200,76.3400,76.3400,40162
2021-03-17 10:40:00,76.1500,76.4300,76.1400,76.4300,27057
2021-03-17 10:35:00,76.2300,76.2800,76.0800,76.1300,31149
2021-03-17 10:30:00,76.2700,76.3600,76.2100,76.2200,58840
2021-03-17 10:25:00,75.9800,76.2100,75.9800,76.2100,20942
2021-03-17 10:20:00,75.9300,76.0450,75.9300,75.9750,8741
2021-03-17 10:15:00,76.0800,76.0800,75.8500,75.9248,15481
2021-03-17 10:10:00,76.0450,76.0800,75.8700,76.0750,13609
2021-03-17 10:05:00,76.1300,76.1300,76.0300,76.0600,9601
2021-03-17 10:00:00,76.3550,76.3600,76.1420,76.1500,16936
2021-03-17 09:55:00,76.5900,76.7600,76.3600,76.3650,69298
2021-03-17 09:50:00,76.5850,76.7900,76.5600,76.5925,23864
2021-03-17 09:45:00,76.4100,76.6900,76.2950,76.5900,28160
2021-03-17 09:40:00,76.2700,76.5100,76.1300,76.4300,15703
2021-03-17 09:35:00,76.7600,76.8000,76.2300,76.3000,70030
2021-03-17 09:30:00,76.2000,76.5700,76.2000,76.5700,895
2021-03-17 09:25:00,76.2943,76.2943,76.2943,76.2943,546
2021-03-17 09:10:00,75.8100,75.8100,75.8100,75.8100,200
2021-03-17 09:05:00,76.0200,76.0200,76.0000,76.0000,879
2021-03-17 08:45:00,76.0300,76.0300,76.0300,76.0300,205
2021-03-17 08:00:00,76.0300,76.0300,76.0300,76.0300,163
2021-03-16 18:35:00,76.0000,76.0000,76.0000,76.0000,200
2021-03-16 16:05:00,76.2600,76.2600,76.0000,76.0000,36827
2021-03-16 16:00:00,76.3700,76.3700,76.2100,76.2800,101162
2021-03-16 15:55:00,76.3800,76.4400,76.3200,76.3600,47386
2021-03-16 15:50:00,76.4000,76.4750,76.3500,76.3641,33093
2021-03-16 15:45:00,76.4100,76.4600,76.3750,76.3800,23438
2021-03-16 15:40:00,76.4200,76.5000,76.4000,76.4100,21577
2021-03-16 15:35:00,76.4300,76.4750,76.3918,76.4300,24423
2021-03-16 15:30:00,76.4850,76.5100,76.4150,76.4150,18080
2021-03-16 15:25:00,76.4500,76.4950,76.4500,76.4800,13603
2021-03-16 15:20:00,76.4900,76.5050,76.4500,76.4500,16378
2021-03-16 15:15:00,76.4500,76.5400,76.4100,76.4900,17346
2021-03-16 15:10:00,76.4600,76.5200,76.4005,76.4500,16497
2021-03-16 15:05:00,76.5700,76.5700,76.4600,76.4900,15726
2021-03-16 15:00:00,76.5800,76.6900,76.5600,76.5726,16471
2021-03-16 14:55:00,76.5200,76.6300,76.5000,76.5820,17689
2021-03-16 14:50:00,76.4700,76.5200,76.4100,76.5200,17884
2021-03-16 14:45:00,76.4900,76.5500,76.4550,76.4800,19075
2021-03-16 14:40:00,76.6750,76.7100,76.4800,76.5012,17401
2021-03-16 14:35:00,76.7600,76.7800,76.6500,76.6850,21477
2021-03-16 14:30:00,76.6100,76.7900,76.6000,76.7500,15600
2021-03-16 14:25:00,76.5900,76.6200,76.5601,76.6000,14234
2021-03-16 14:20:00,76.6400,76.7000,76.5700,76.5900,24489
2021-03-16 14:15:00,76.8400,76.9600,76.6900,76.6900,80177
2021-03-16 14:10:00,76.8450,76.8750,76.8200,76.8396,20227
2021-03-16 14:05:00,76.7600,76.8600,76.7050,76.8330,20225
2021-03-16 14:00:00,76.6900,76.8400,76.6900,76.7900,20163
2021-03-16 13:55:00,76.6682,76.7050,76.6400,76.7000,22002
2021-03-16 13:50:00,76.6650,76.7050,76.6400,76.6600,10293
2021-03-16 13:45:00,76.7100,76.7200,76.6500,76.6900,17459
2021-03-16 13:40:00,76.7300,76.7500,76.6000,76.7000,26517
2021-03-16 13:35:00,76.7300,76.7536,76.6701,76.7536,10818
2021-03-16 13:30:00,76.7200,76.7800,76.6900,76.7700,15250
2021-03-16 13:25:00,76.7400,76.7700,76.6795,76.7100,15216
2021-03-16 13:20:00,76.8500,76.8550,76.7208,76.7208,10250
2021-03-16 13:15:00,76.9300,76.9500,76.7600,76.8400,24625
2021-03-16 13:10:00,76.8900,76.9800,76.8800,76.9500,10737
2021-03-16 13:05:00,76.9038,76.9900,76.8650,76.8800,20360
2021-03-16 13:00:00,76.8500,76.9920,76.7600,76.9200,31539
2021-03-16 12:55:00,76.7500,76.8900,76.7500,76.8500,31083
2021-03-16 12:50:00,76.6500,76.7400,76.6500,76.7400,7820
2021-03-16 12:45:00,76.7350,76.7500,76.6350,76.6488,21563
2021-03-16 12:40:00,76.7200,76.7500,76.6700,76.7500,14583
2021-03-16 12:35:00,76.7600,76.8100,76.7241,76.7400,29126
2021-03-16 12:30:00,76.7600,76.7900,76.7050,76.7600,21682
2021-03-16 12:25:00,76.7200,76.7750,76.6000,76.7750,13044
2021-03-16 12:20:00,76.7900,76.8300,76.6900,76.7150,14183
2021-03-16 12:15:00,76.7650,76.8000,76.6500,76.7600,16538
2021-03-16 12:10:00,76.6650,76.7800,76.6500,76.7800,23550
2021-03-16 12:05:00,76.5300,76.6800,76.5100,76.6500,16025
2021-03-16 12:00:00,76.4950,76.6200,76.4800,76.5450,14561
2021-03-16 11:55:00,76.3400,76.5000,76.3400,76.5000,16831
2021-03-16 11:50:00,76.2200,76.3800,76.2200,76.3350,12593
2021-03-16 11:45:00,76.3000,76.3100,76.2000,76.2300,12693
2021-03-16 11:40:00,76.2700,76.3398,76.2450,76.3100,12345
2021-03-16 11:35:00,76.2500,76.2850,76.1700,76.2700,19694
2021-03-16 11:30:00,76.1900,76.2800,76.1400,76.2300,25230
2021-03-16 11:25:00,76.2000,76.2300,76.0900,76.1850,25759
2021-03-16 11:20:00,76.2100,76.3100,76.1700,76.2050,13400
2021-03-16 11:15:00,76.2700,76.2950,76.1100,76.2135,12758
2021-03-16 11:10:00,76.3050,76.4100,76.2600,76.2600,17267
2021-03-16 11:05:00,76.1200,76.2850,76.0900,76.2850,39858
2021-03-16 11:00:00,76.2100,76.2500,76.0800,76.1500,69702
2021-03-16 10:55:00,76.2900,76.3300,76.1500,76.2200,10364
2021-03-16 10:50:00,76.3093,76.4150,76.2700,76.3100,15550
2021-03-16 10:45:00,76.2700,76.3900,76.2700,76.3100,13226
2021-03-16 10:40:00,76.1200,76.3700,76.1000,76.2500,24061
2021-03-16 10:35:00,76.1700,76.1700,76.0600,76.1200,14034
2021-03-16 10:30:00,76.2700,76.2700,76.0900,76.1400,15822
2021-03-16 10:25:00,76.3000,76.3600,76.1900,76.2600,13209
2021-03-16 10:20:00,76.1200,76.3600,76.1200,76.3400,19198
2021-03-16 10:15:00,76.0800,76.1600,76.0050,76.1600,14284
2021-03-16 10:10:00,75.9700,76.1400,75.9450,76.0900,17447
2021-03-16 10:05:00,75.6300,75.9350,75.5900,75.9350,53857
2021-03-16 10:00:00,75.6600,75.8500,75.6100,75.6300,44833
2021-03-16 09:55:00,75.7000,75.8790,75.5500,75.6500,22121
2021-03-16 09:50:00,75.8900,75.9300,75.5900,75.7100,66080
2021-03-16 09:45:00,75.7200,75.9500,75.6550,75.8650,7502
2021-03-16 09:40:00,75.6400,76.1400,75.6400,75.8000,21183
2021-03-16 09:35:00,75.8600,76.1850,75.5000,75.7700,89131
2021-03-16 09:30:00,76.3000,76.3000,75.7100,75.7300,2869
2021-03-16 08:35:00,76.5800,76.5800,76.5800,76.5800,526
2021-03-15 16:05:00,76.5800,76.5800,76.5800,76.5800,41578
2021-03-15 16:00:00,76.4900,76.6200,76.4600,76.5900,234496
2021-03-15 15:55:00,76.5300,76.5600,76.4700,76.4809,99693
2021-03-15 15:50:00,76.3900,76.5100,76.3800,76.5100,72385
2021-03-15 15:45:00,76.4400,76.4482,76.3600,76.3825,30884
2021-03-15 15:40:00,76.5000,76.5000,76.4000,76.4400,31695
2021-03-15 15:35:00,76.4600,76.5250,76.4200,76.5000,31264
2021-03-15 15:30:00,76.5200,76.5650,76.4188,76.4550,43870
2021-03-15 15:25:00,76.3300,76.5150,76.3300,76.5150,28503
2021-03-15 15:20:00,76.3200,76.3700,76.2900,76.3200,19727
2021-03-15 15:15:00,76.3600,76.4000,76.3000,76.3300,21069
2021-03-15 15:10:00,76.4600,76.4600,76.3500,76.3700,21324
2021-03-15 15:05:00,76.5600,76.5800,76.4600,76.4600,19613
2021-03-15 15:00:00,76.5300,76.6000,76.5000,76.5600,22593
2021-03-15 14:55:00,76.4799,76.6000,76.4799,76.5400,19147
2021-03-15 14:50:00,76.5815,76.5815,76.4750,76.4750,16725
2021-03-15 14:45:00,76.5900,76.6000,76.5500,76.5850,17324
2021-03-15 14:40:00,76.5800,76.6000,76.5500,76.5800,10914
2021-03-15 14:35:00,76.5900,76.6000,76.5100,76.5800,30098
2021-03-15 14:30:00,76.6500,76.6600,76.5309,76.5800,25514
2021-03-15 14:25:00,76.7100,76.7200,76.6200,76.6400,33779
2021-03-15 14:20:00,76.6200,76.7100,76.6100,76.7050,15641
2021-03-15 14:15:00,76.5800,76.6300,76.5150,76.6300,12057
2021-03-15 14:10:00,76.6800,76.7450,76.5800,76.5800,17094
2021-03-15 14:05:00,76.5200,76.6859,76.5200,76.6800,9423
2021-03-15 14:00:00,76.4622,76.5500,76.4300,76.5500,20337
2021-03-15 13:55:00,76.4600,76.5300,76.4200,76.4600,17247
2021-03-15 13:50:00,76.4600,76.5158,76.4200,76.4400,18742
2021-03-15 13:45:00,76.4000,76.4800,76.3900,76.4700,9110
2021-03-15 13:40:00,76.3700,76.4000,76.3600,76.3999,18752
2021-03-15 13:35:00,76.3950,76.4000,76.3700,76.3750,22838
2021-03-15 13:30:00,76.3800,76.4000,76.3600,76.3900,15302
2021-03-15 13:25:00,76.4000,76.4000,76.3350,76.3800,7625
2021-03-15 13:20:00,76.5300,76.5600,76.3700,76.4000,17840
2021-03-15 13:15:00,76.4100,76.5400,76.3600,76.5400,13059
2021-03-15 13:10:00,76.3100,76.4067,76.3100,76.4000,8955
2021-03-15 13:05:00,76.3500,76.3650,76.2900,76.3300,14382
2021-03-15 13:00:00,76.5100,76.5295,76.3300,76.3800,15794
2021-03-15 12:55:00,76.5200,76.5200,76.4300,76.4600,14749
2021-03-15 12:50:00,76.4600,76.5100,76.4075,76.5050,12772
2021-03-15 12:45:00,76.6400,76.6500,76.3900,76.4400,16040
2021-03-15 12:40:00,76.5000,76.7100,76.4900,76.6600,24726
2021-03-15 12:35:00,76.6250,76.6300,76.5200,76.5200,32821
2021-03-15 12:30:00,76.5600,76.6600,76.5500,76.6400,18472
2021-03-15 12:25:00,76.5250,76.5900,76.4500,76.5500,28968
2021-03-15 12:20:00,76.4600,76.5300,76.4300,76.5300,17138
2021-03-15 12:15:00,76.4400,76.5300,76.4000,76.4450,30679
2021-03-15 12:10:00,76.3800,76.4500,76.3300,76.4365,12076
2021-03-15 12:05:00,76.4100,76.4500,76.3342,76.3700,16889
2021-03-15 12:00:00,76.3800,76.4300,76.3300,76.4100,17946
2021-03-15 11:55:00,76.3400,76.3900,76.3000,76.3800,9379
2021-03-15 11:50:00,76.3350,76.3350,76.2200,76.3300,15035
2021-03-15 11:45:00,76.1400,76.3600,76.1300,76.3500,11731
2021-03-15 11:40:00,76.0600,76.2000,75.9700,76.1500,14787
2021-03-15 11:35:00,76.1600,76.2050,76.0800,76.0800,15087
2021-03-15 11:30:00,76.2400,76.3000,76.1450,76.1600,19057
2021-03-15 11:25:00,76.1400,76.3100,76.1400,76.2700,16325
2021-03-15 11:20:00,76.0900,76.2600,76.0500,76.1150,20759
2021-03-15 11:15:00,76.1800,76.2350,76.0404,76.0750,19257
2021-03-15 11:10:00,76.2900,76.2900,76.1500,76.2000,26066
2021-03-15 11:05:00,76.4100,76.4700,76.3000,76.3100,24483
2021-03-15 11:00:00,76.4600,76.5100,76.3800,76.4200,19115
2021-03-15 10:55:00,76.2100,76.4500,76.1750,76.4500,20033
2021-03-15 10:50:00,76.5000,76.5500,76.2101,76.2101,21558
2021-03-15 10:45:00,76.7000,76.7700,76.4300,76.4700,17720
2021-03-15 10:40:00,76.6600,76.8200,76.6100,76.7200,30031
2021-03-15 10:35:00,76.6400,76.7000,76.5500,76.6700,21088
2021-03-15 10:30:00,76.5919,76.7300,76.5919,76.6600,15500
2021-03-15 10:25:00,76.3200,76.5700,76.3200,76.5500,22359
2021-03-15 10:20:00,76.2200,76.3100,76.1400,76.3100,21088
2021-03-15 10:15:00,76.0000,76.2700,75.9000,76.2700,17987
2021-03-15 10:10:00,76.2500,76.2500,75.9800,75.9900,21264
2021-03-15 10:05:00,76.4400,76.4550,76.2300,76.2600,18601
2021-03-15 10:00:00,76.1400,76.4700,76.1300,76.4600,28614
2021-03-15 09:55:00,76.1850,76.2400,76.0200,76.1300,31967
2021-03-15 09:50:00,76.3900,76.4250,76.1200,76.1700,39772
2021-03-15 09:45:00,76.4600,76.5465,76.1200,76.3800,37597
2021-03-15 09:40:00,76.2500,76.5297,76.1100,76.4950,38680
2021-03-15 09:35:00,75.6000,76.2100,75.4800,76.2100,114383
2021-03-15 09:25:00,75.7372,75.7372,75.7372,75.7372,100
2021-03-15 08:05:00,75.8000,75.8000,75.8000,75.8000,100
2021-03-15 04:15:00,75.9700,76.0000,75.9700,76.0000,459
